video,school,stimulus,size,part,responder,bearing_angle_ms,latency_ms,distance_from_first_responder,distance_from_stimulus,angle_between_fish_and_stimulus,ratio_time_bearing_angle,angle_between_fish_and_stimulus_abs,angle_between_fish_stimulus_radiants,starting_angle,final_angle_DEG,turning_radius_degrees,turning_angle_radiants,turning_angle_absolute_value
cy_s_gp_trial1_sch1_stim2,1,2,small,Y,s1,33.33333333,0,22.51938276,13.47608623,-62.99422075,0.136844011,62.99422075,1.099456562,150.7641954,-92.8221553,-243.5863507,-4.251383833,243.5863507
cy_s_gp_trial1_sch1_stim2,1,2,small,Y,s2,37.5,4.2,17.29514383,18.22193458,-30.43630741,0.329491255,30.43630741,0.531213776,-163.9400127,-50.12819104,113.8118217,1.986391016,113.8118217
cy_s_gp_trial1_sch1_stim2,1,2,small,Y,s3,37.5,12.5,23.04607776,14.04316916,99.30037866,0.153124935,99.30037866,1.733118556,-135.8724571,109.025606,244.8980632,4.274277534,244.8980632
cy_s_gp_trial1_sch1_stim2,1,2,small,Y,s4,45.83333333,20.8,11.30950485,23.69354764,-2.368025101,0.490236356,2.368025101,0.041329835,-123.0618495,-29.56953133,93.49231817,1.631748777,93.49231817
cy_s_gp_trial1_sch1_stim2,1,2,small,Y,s5,37.5,20.8,24.15004141,22.02734664,91.80873932,0.137926922,91.80873932,1.602364783,-158.4709931,113.4121142,271.8831073,4.745255403,271.8831073
cy_s_gp_trial1_sch1_stim2,1,2,small,Y,s6,70.83333333,41.7,14.82793647,22.69007272,53.05798687,0.309497196,53.05798687,0.926036565,-171.9216553,56.94417719,228.8658325,3.994462323,228.8658325
cy_s_gp_trial1_sch1_stim2,1,2,small,Y,s7,50,16.7,19.89248351,27.63483309,86.19795957,0.205649776,86.19795957,1.504438203,-150.6422465,92.48955292,243.1317994,4.243450415,243.1317994
cy_s_gp_trial1_sch1_stim2,1,2,small,Y,s8,70.83333333,54.2,16.37013134,31.66608438,4.600095666,0.516924697,4.600095666,0.080286815,-128.0788824,8.949458084,137.0283404,2.391595709,137.0283404
cy_s_gp_trial1_sch1_stim2,1,2,small,Y,s9,62.5,300,11.22196507,28.25802541,65.68952379,0.280625186,65.68952379,1.146498474,-150.9896397,71.72736173,222.7170015,3.887144976,222.7170015
cy_s_gp_trial1_sch1_stim2,1,2,small,Y,s10,58.33333333,41.7,19.2937762,17.58602002,78.12068722,0.250508918,78.12068722,1.363463206,-139.3106258,93.54868197,232.8593078,4.064161615,232.8593078
cy_s_gp_trial1_sch1_stim2,1,2,small,Y,w1,100,112.5,24.75446828,35.73903468,113.5453664,0.3631283,113.5453664,1.981740494,-137.9737311,137.4110297,275.3847608,4.806370786,275.3847608
cy_s_gp_trial1_sch1_stim2,1,2,small,Y,w2,95.83333333,104.2,21.70657504,36.52152927,78.64196025,0.364709735,78.64196025,1.372561137,-164.0546041,98.71143755,262.7660417,4.586132589,262.7660417
cy_s_gp_trial1_sch1_stim2,1,2,small,Y,w3,104.1666667,108.3,19.91695007,36.91509447,66.70844724,0.403361347,66.70844724,1.164282043,-162.3091104,95.9374161,258.2465265,4.507252169,258.2465265
cy_s_gp_trial1_sch1_stim2,1,2,small,Y,w4,137.5,141.7,24.15739224,42.82372357,86.71613771,0.510566551,86.71613771,1.513482118,-157.3481083,111.960564,269.3086724,4.700323037,269.3086724
cy_s_gp_trial1_sch1_stim2,1,2,small,Y,w5,100,150,27.10519692,38.87944958,89.46454101,2.798972357,89.46454101,1.561450804,165.9637565,130.2363583,-35.72739822,-0.623560732,35.72739822
cy_s_gp_trial1_sch1_stim2,1,2,small,Y,w6,116.6666667,187.5,26.94044172,29.49830673,118.8865818,0.418004773,118.8865818,2.074962288,-135.8680514,143.2356193,279.1036708,4.871278009,279.1036708
cy_s_gp_trial1_sch1_stim2,1,2,small,Y,w7,100,179.2,31.3301963,46.71456411,113.8657601,0.361518193,113.8657601,1.987332419,-136.8476103,139.7636417,276.611252,4.827777095,276.611252
cy_s_gp_trial1_sch1_stim2,1,2,small,Y,w8,658.3333333,216.7,20.98153951,42.92056034,23.22040086,3.55964642,23.22040086,0.405272449,-128.7580857,56.18537663,184.9434623,3.227872347,184.9434623
cy_s_gp_trial1_sch1_stim2,1,2,small,Y,w9,104.1666667,195.8,29.03672847,35.25421535,87.58049078,0.352759568,87.58049078,1.528567925,-167.3073345,127.9834983,295.2908327,5.153797282,295.2908327
cy_s_gp_trial1_sch1_stim2,1,2,small,Y,w10,104.1666667,220.8,31.46512037,41.40449372,101.5466905,0.332722423,101.5466905,1.772324095,-170.3519547,142.7218258,313.0737805,5.464168271,313.0737805
cy_s_gp_trial1_sch1_stim5,1,5,small,Y,s1,29.16666667,0,0,40.9960303,98.67317405,0.290421547,98.67317405,1.722171771,-23.71359489,76.71513352,100.4287284,1.752811974,100.4287284
cy_s_gp_trial1_sch1_stim5,1,5,small,Y,s2,33.33333333,8.3,14.36054665,32.55873462,103.2127469,0.377603349,103.2127469,1.801402263,-16.56882918,71.70722404,88.27605322,1.540707779,88.27605322
cy_s_gp_trial1_sch1_stim5,1,5,small,Y,s3,29.16666667,20.8,10.82619508,30.95165585,-125.4596182,0.764453419,125.4596182,2.189683416,-40.34981515,-78.50343698,-38.15362183,-0.665906323,38.15362183
cy_s_gp_trial1_sch1_stim5,1,5,small,Y,s4,29.16666667,33.3,15.99388946,28.25110617,-98.81073299,0.432853517,98.81073299,1.724572627,6.740056098,-60.64224646,-67.38230256,-1.176043037,67.38230256
cy_s_gp_trial1_sch1_stim5,1,5,small,Y,s5,20.83333333,29.2,7.896036981,33.38682525,82.87498365,0.277846298,82.87498365,1.446441332,-39.39072555,35.59077859,74.98150415,1.308674125,74.98150415
cy_s_gp_trial1_sch1_stim5,1,5,small,Y,s6,29.16666667,41.7,22.06437853,29.00618038,176.8939729,0.275751995,176.8939729,3.087382254,-62.63645307,-168.4078246,-105.7713715,-1.846058687,105.7713715
cy_s_gp_trial1_sch1_stim5,1,5,small,Y,s7,29.16666667,83.3,10.61730663,37.27190497,69.99330526,0.102473302,69.99330526,1.221613631,-178.4377751,106.1892063,284.6269813,4.967677964,284.6269813
cy_s_gp_trial1_sch1_stim5,1,5,small,Y,w1,12.5,70.8,18.39480905,36.66830375,76.45206101,0.439880053,76.45206101,1.334340185,174.5767814,146.1599439,-28.41683754,-0.495967378,28.41683754
cy_s_gp_trial1_sch1_stim5,1,5,small,Y,w2,112.5,104.2,19.55828725,39.88201725,88.58207717,0.515990522,88.58207717,1.546048905,-129.7421908,88.2850698,218.0272606,3.805293557,218.0272606
cy_s_gp_trial1_sch1_stim5,1,5,small,Y,w3,41.66666667,112.5,9.989214183,44.15793587,106.5489409,0.468092968,106.5489409,1.859629832,-20.81506597,68.19859051,89.01365648,1.553581385,89.01365648
cy_s_gp_trial1_sch1_stim5,1,5,small,Y,w4,12.5,91.7,18.61390072,37.49902665,79.28072474,0.04530592,79.28072474,1.38370968,146.1599439,-129.7421908,-275.9021347,-4.815400664,275.9021347
cy_s_gp_trial1_sch1_stim5,1,5,small,Y,w5,133.3333333,195.8,33.10266606,49.01063762,133.5311993,0.47702094,133.5311993,2.330559082,-122.5740571,156.9384805,279.5125376,4.878414082,279.5125376
cy_s_gp_trial1_sch1_stim5,1,5,small,Y,w6,100,191.7,35.71969345,50.55130661,151.3428825,0.359921103,151.3428825,2.6414316,-109.8954313,167.9432375,277.8386688,4.84919956,277.8386688
cy_s_gp_trial1_sch1_stim5,1,5,small,Y,w7,179.1666667,241.7,30.38751224,50.41233579,124.6513159,0.661520535,124.6513159,2.17557588,-121.452061,149.3886116,270.8406726,4.727061485,270.8406726
cy_s_gp_trial1_sch1_stim5,1,5,small,Y,w8,133.3333333,308.3,26.4417246,40.94587769,124.2541428,0.456931766,124.2541428,2.168643901,-140.9061411,150.8952684,291.8014095,5.092895357,291.8014095
cy_s_gp_trial1_sch1_stim5,1,5,small,Y,w9,287.5,237.5,31.49504882,57.79411908,-1.236407603,3.626031447,1.236407603,0.021579384,-98.0591039,-18.7713194,79.28778451,1.383832896,79.28778451
cy_s_gp_trial1_sch1_stim5,1,5,small,Y,w10,179.1666667,483.3,36.3883333,56.04535752,21.22108534,1.804440016,21.22108534,0.37037781,-101.5466905,-2.254574966,99.29211558,1.732974338,99.29211558
cy_s_gp_trial1_sch1_stim5,1,5,small,Y,w11,237.5,550,25.20968068,48.71388406,122.4191289,0.991772282,122.4191289,2.136616867,-105.086354,134.3839401,239.4702941,4.179545093,239.4702941
cy_s_gp_trial1_sch1_stim5,1,5,small,Y,w12,129.1666667,987.5,42.27716641,60.96452165,69.66381471,1.904983155,69.66381471,1.215862936,168.0558228,100.2511988,-67.80462406,-1.183413938,67.80462406
cy_s_gp_trial1_sch1_stim5,1,5,small,Y,w13,250,379.2,27.24507478,42.36966132,123.373019,1.107066655,123.373019,2.15326539,-90.36727561,135.4547189,225.8219945,3.941337327,225.8219945
cy_s_gp_trial1_sch1_stim6,1,6,small,Y,s1,33.33333333,0,0,23.40882739,-116.8057883,0.522679264,116.8057883,2.038645592,-26.56505118,-90.33902432,-63.77397315,-1.113065809,63.77397315
cy_s_gp_trial1_sch1_stim6,1,6,small,Y,s2,41.66666667,25,18.8012473,19.36802778,145.8987258,0.406874388,145.8987258,2.54641314,24.32189323,126.7286013,102.4067081,1.787334232,102.4067081
cy_s_gp_trial1_sch1_stim6,1,6,small,Y,s3,50,233.3,11.60231442,16.53216562,101.0611825,0.407550651,101.0611825,1.76385038,-35.41044829,87.27368901,122.6841373,2.141242136,122.6841373
cy_s_gp_trial1_sch1_stim6,1,6,small,Y,s4,300,233.3,9.565615506,31.97382992,76.40605483,1.678902957,76.40605483,1.333537225,-84.28940686,94.39870535,178.6881122,3.118695892,178.6881122
cy_s_gp_trial1_sch1_stim6,1,6,small,Y,s5,79.16666667,291.7,11.8169243,22.03921278,127.4761796,0.361340403,127.4761796,2.224879051,-97.36805107,121.723603,219.091654,3.823870726,219.091654
cy_s_gp_trial1_sch1_stim6,1,6,small,Y,s6,100,308.3,8.991045545,24.23799703,71.18633105,0.794796259,71.18633105,1.242435859,-73.77263896,52.04576912,125.8184081,2.195945481,125.8184081
cy_s_gp_trial1_sch1_stim6,1,6,small,Y,s7,129.1666667,433.3,9.862012979,33.05401186,73.04706358,0.852052354,73.04706358,1.274911768,-90,61.59475357,151.5947536,2.645827578,151.5947536
cy_s_gp_trial1_sch1_stim6,1,6,small,Y,s8,112.5,504.2,12.37103472,35.76065575,38.81474508,0.929287227,38.81474508,0.6774451,-82.70580369,38.35472179,121.0605255,2.112904764,121.0605255
cy_s_gp_trial1_sch1_stim6,1,6,small,Y,s9,358.3333333,295.8,5.011706296,28.3270189,77.88737707,2.891435581,77.88737707,1.359391176,-47.79889851,76.13031356,123.9292121,2.16297279,123.9292121
cy_s_gp_trial1_sch1_stim6,1,6,small,Y,s10,133.3333333,200,8.677724356,28.29944346,120.4933584,3.819844742,120.4933584,2.103005831,60.36846332,95.27389596,34.90543264,0.609214726,34.90543264
cy_s_gp_trial1_sch1_stim6,1,6,small,Y,w1,66.66666667,133.3,17.27379518,25.14407286,133.4364836,0.345359634,133.4364836,2.32890598,-73.89485792,119.1406337,193.0354916,3.369104902,193.0354916
cy_s_gp_trial1_sch1_stim6,1,6,small,Y,w2,350,287.5,11.22643309,31.89636343,75.01836743,2.966286792,75.01836743,1.309317511,-65.86762041,52.12501635,117.9926368,2.059360004,117.9926368
cy_s_gp_trial1_sch1_stim6,1,6,small,Y,w3,116.6666667,375,20.75657968,27.06262367,70.29864074,1.163194206,70.29864074,1.226942741,-54.0394828,46.25904521,100.298528,1.750539549,100.298528
cy_s_gp_trial1_sch1_stim6,1,6,small,Y,w4,45.83333333,420.8,17.62226149,27.57949419,76.59651552,0.389276873,76.59651552,1.336861391,-54.96835617,62.77132082,117.739677,2.054945024,117.739677
cy_s_gp_trial1_sch1_stim6,1,6,small,Y,w5,162.5,458.3,19.05089237,38.02920062,78.89811229,1.381109916,78.89811229,1.377031833,-56.80706342,60.85192815,117.6589916,2.053536798,117.6589916
cy_s_gp_trial1_sch1_stim6,1,6,small,Y,w6,141.6666667,470.8,22.71201664,43.74570722,103.786318,1.400096224,103.786318,1.811412967,-17.42543604,83.75808565,101.1835217,1.765985602,101.1835217
cy_s_gp_trial1_sch1_stim6,1,6,small,Y,w7,141.6666667,508.3,20.36987972,43.41640704,71.8219812,1.383426644,71.8219812,1.253530047,-55.33270052,47.07003065,102.4027312,1.787264822,102.4027312
cy_s_gp_trial1_sch1_stim6,1,6,small,Y,w8,195.8333333,375,12.81561547,30.77396952,130.9884224,0.820940996,130.9884224,2.286179253,-92.53355889,146.0138329,238.5473918,4.163437409,238.5473918
cy_s_gp_trial1_sch1_stim6,1,6,small,Y,w9,225,658.3,25.21920895,47.43501766,73.30075577,1.995711371,73.30075577,1.279339532,-52.88313932,59.85861445,112.7417538,1.967714808,112.7417538
cy_s_gp_trial1_sch1_stim6,1,6,small,Y,w10,87.5,495.8,23.61397891,27.27258697,54.88798882,1.520850236,54.88798882,0.957976125,130.2921478,72.7585406,-57.53360715,-1.004150875,57.53360715
cy_l_gp_trial1_sch1_stim3,1,3,large,Y,s1,54.16666667,0,0,42.89126951,87.90474744,0.492916195,87.90474744,1.534227271,-37.40535663,72.48485852,109.8902152,1.91794607,109.8902152
cy_l_gp_trial1_sch1_stim3,1,3,large,Y,s2,45.83333333,8.3,13.30248473,33.53519495,50.20848577,0.181778776,50.20848577,0.876303389,-178.6267341,73.51124629,252.1379804,4.400637927,252.1379804
cy_l_gp_trial1_sch1_stim3,1,3,large,Y,s3,41.66666667,25,50.2547361,15.14676533,146.762407,0.169405321,146.762407,2.561487221,-84.80557109,161.1528584,245.9584295,4.292784418,245.9584295
cy_l_gp_trial1_sch1_stim3,1,3,large,Y,s4,41.66666667,37.5,47.76915846,23.07048547,130.6012946,0.376067686,130.6012946,2.279422599,-5.998895532,104.7967622,110.7956578,1.933749025,110.7956578
cy_l_gp_trial1_sch1_stim3,1,3,large,Y,s5,108.3333333,41.7,22.09939818,24.31569041,75.49412951,0.792717249,75.49412951,1.317621126,-62.56027205,74.10047741,136.6607495,2.385180036,136.6607495
cy_l_gp_trial1_sch1_stim3,1,3,large,Y,s6,83.33333333,37.5,33.25541309,20.66268376,117.9211542,0.38666534,117.9211542,2.058112399,-98.20470619,117.3132744,215.5179806,3.761498359,215.5179806
cy_l_gp_trial1_sch1_stim3,1,3,large,Y,s7,54.16666667,45.8,39.60594526,19.76217852,91.95695322,0.617366028,91.95695322,1.604951604,-11.5237217,76.21461211,87.73833381,1.531322805,87.73833381
cy_l_gp_trial1_sch1_stim3,1,3,large,Y,s8,33.33333333,66.7,57.74429236,27.07146283,-175.0445511,0.43268402,175.0445511,3.055103754,-75.67728002,-152.7157927,-77.03851268,-1.344575697,77.03851268
cy_l_gp_trial1_sch1_stim3,1,3,large,Y,s9,70.83333333,154.2,29.74162907,27.17114094,88.20017033,0.58545613,88.20017033,1.539383373,-46.58624696,74.40203842,120.9882854,2.111643936,120.9882854
cy_l_gp_trial1_sch1_stim3,1,3,large,Y,s10,70.83333333,62.5,39.28972512,7.921773791,56.83585088,0.530258837,56.83585088,0.991972731,-73.3274422,60.2551187,133.5825609,2.331455511,133.5825609
cy_l_gp_trial1_sch1_stim3,1,3,large,Y,w1,54.16666667,100,21.89247588,41.66480649,82.85975351,0.474504731,82.85975351,1.446175516,-45.19162397,68.96248897,114.1541129,1.992365126,114.1541129
cy_l_gp_trial1_sch1_stim3,1,3,large,Y,w2,87.5,112.5,11.34883694,41.75862186,122.6843935,0.361319388,122.6843935,2.141246608,-107.6811005,134.4869172,242.1680177,4.226629251,242.1680177
cy_l_gp_trial1_sch1_stim3,1,3,large,Y,w3,112.5,154.2,44.06078642,28.59832338,78.87853981,0.631733358,78.87853981,1.376690229,-82.79138092,95.29008121,178.0814621,3.108107851,178.0814621
cy_l_gp_trial1_sch1_stim3,1,3,large,Y,w4,79.16666667,175,36.37786415,28.81553053,100.1370394,0.75051239,100.1370394,1.747721041,-31.9276765,73.55581421,105.4834907,1.841034219,105.4834907
cy_l_gp_trial1_sch1_stim3,1,3,large,Y,w5,145.8333333,183.3,21.99752031,35.78158884,96.78897457,1.21697453,96.78897457,1.689286286,-40.39370215,79.43898931,119.8326915,2.091475017,119.8326915
cy_l_gp_trial1_sch1_stim3,1,3,large,Y,w6,87.5,195.8,33.37436891,39.8102311,72.96034231,0.746073313,72.96034231,1.273398197,-56.56743986,60.71325957,117.2806994,2.046934354,117.2806994
cy_l_gp_trial1_sch1_stim3,1,3,large,Y,w7,125,266.7,37.18010893,46.41446003,96.05419189,1.405291689,96.05419189,1.676461909,-20.43282868,68.51667624,88.94950492,1.552461729,88.94950492
cy_l_gp_trial1_sch1_stim3,1,3,large,Y,w8,100,400,14.43675864,41.50557794,151.6450382,1.732450662,151.6450382,2.646705211,50.59933934,108.3210409,57.72170153,1.007433741,57.72170153
cy_l_gp_trial1_sch1_stim3,1,3,large,Y,w9,120.8333333,475,42.48008475,28.44837078,80.35415574,0.988761423,80.35415574,1.402444585,-55.43334414,66.77341937,122.2067635,2.132910391,122.2067635
cy_l_gp_trial1_sch1_stim4,1,4,large,Y,s1,33.33333333,0,0,22.1422063,88.88661795,0.456726858,88.88661795,1.551364144,9.201625314,82.18470645,72.98308114,1.273795064,72.98308114
cy_l_gp_trial1_sch1_stim4,1,4,large,Y,s2,50,33.3,33.57008341,29.91118854,93.43363036,1.417651959,93.43363036,1.630724482,23.60411504,58.87370269,35.26958764,0.61557043,35.26958764
cy_l_gp_trial1_sch1_stim4,1,4,large,Y,s3,41.66666667,58.3,25.62911235,18.71129338,-95.01876534,0.662245161,95.01876534,1.658390306,6.745579647,-56.17170408,-62.91728373,-1.098113757,62.91728373
cy_l_gp_trial1_sch1_stim4,1,4,large,Y,w1,91.66666667,133.3,26.43879914,34.2869217,135.8587589,1.217984154,135.8587589,2.371182661,19.28102752,94.54199568,75.26096816,1.313551693,75.26096816
cy_l_gp_trial1_sch1_stim4,1,4,large,Y,w2,75,154.2,36.01240481,40.73961463,111.6419005,0.939116324,111.6419005,1.948518747,1.391526653,81.25383774,79.86231108,1.393860277,79.86231108
cy_l_gp_trial1_sch1_stim4,1,4,large,Y,w3,91.66666667,154.2,28.99197303,41.76312488,107.9691397,1.329043779,107.9691397,1.884416979,0.241752909,69.21364695,68.97189404,1.203786642,68.97189404
cy_l_gp_trial1_sch1_stim4,1,4,large,Y,w4,58.33333333,170.8,41.44439769,46.83673772,118.0724869,1.023146211,118.0724869,2.060753653,22.70492394,79.71860657,57.01368263,0.995076481,57.01368263
cy_l_gp_trial1_sch1_stim4,1,4,large,Y,w5,91.66666667,241.7,43.90961854,51.03000392,126.9183712,1.387344687,126.9183712,2.215143459,19.96432718,86.03778932,66.07346215,1.153199463,66.07346215
cy_l_gp_trial1_sch1_stim4,1,4,large,Y,w6,158.3333333,170.8,20.14866745,41.54238438,72.38237685,1.141679786,72.38237685,1.263310796,-74.19031152,64.4942262,138.6845377,2.420501805,138.6845377
cy_l_gp_trial1_sch1_stim4,1,4,large,Y,w7,129.1666667,175,56.58846261,62.04106543,152.7764056,2.866042789,152.7764056,2.666451298,58.01711219,103.0850599,45.06794775,0.786584075,45.06794775
cy_l_gp_trial1_sch1_stim4,1,4,large,Y,w9,112.5,233.3,33.52154084,50.1739554,125.7810739,2.306228486,125.7810739,2.195293876,34.74678684,83.5277297,48.78094285,0.851388065,48.78094285
cy_l_gp_trial1_sch1_stim4,1,4,large,Y,w8,116.6666667,170.8,56.55745751,61.91779147,149.875682,2.913132684,149.875682,2.61582412,51.34019175,91.38871659,40.04852484,0.698978619,40.04852484
cy_l_gp_trial1_sch1_stim4,1,4,large,Y,w10,195.8333333,212.5,40.43939911,56.57215658,118.111602,0.727220254,118.111602,2.06143634,-137.8783695,131.4118933,269.2902628,4.70000173,269.2902628
cy_l_gp_trial1_sch1_stim4,1,4,large,Y,w11,108.3333333,229.2,22.34579379,39.13436597,121.8410711,1.345336693,121.8410711,2.126527855,8.56914188,89.09421334,80.52507146,1.405427627,80.52507146
cy_l_gp_trial1_sch1_stim4,1,4,large,Y,w12,162.5,233.3,62.28233297,77.22448381,103.437264,1.56921941,103.437264,1.805320825,-19.26526431,84.28940686,103.5546712,1.807369968,103.5546712
cy_l_gp_trial1_sch1_stim4,1,4,large,Y,w13,408.3333333,383.3,49.35519932,61.98585968,69.78440873,3.129914453,69.78440873,1.217967699,-55.59733515,74.8641645,130.4614996,2.276982716,130.4614996
cy_l_gp_trial1_sch1_stim4,1,4,large,Y,s4,125,300,8.865060631,29.14515397,81.86989765,1.237683518,81.86989765,1.428899272,-31.65403373,69.34108994,100.9951237,1.762697436,100.9951237
cy_l_gp_trial1_sch1_stim6,1,6,large,Y,s1,37.5,0,0,31.46814262,137.3632466,0.728834146,137.3632466,2.397440925,40.97173633,92.42377134,51.45203501,0.898007418,51.45203501
cy_l_gp_trial1_sch1_stim6,1,6,large,Y,s2,83.33333333,12.5,14.26663941,19.78951743,105.8411081,1.252485849,105.8411081,1.84727582,4.951888796,71.48623998,66.53435118,1.161243494,66.53435118
cy_l_gp_trial1_sch1_stim6,1,6,large,Y,s3,100,16.7,32.06615817,17.70081637,80.96251726,0.774001734,80.96251726,1.413062497,-48.58605376,80.61262318,129.1986769,2.254942302,129.1986769
cy_l_gp_trial1_sch1_stim6,1,6,large,Y,s4,120.8333333,45.8,19.63113089,23.86927942,58.3773974,0.831104496,58.3773974,1.018877793,-91.10881213,54.28004569,145.3888578,2.537514265,145.3888578
cy_l_gp_trial1_sch1_stim6,1,6,large,Y,w1,120.8333333,66.7,24.17338412,33.1233226,68.98590368,1.512822293,68.98590368,1.204031157,-31.5250386,48.34774878,79.87278739,1.394043123,79.87278739
cy_l_gp_trial1_sch1_stim6,1,6,large,Y,s5,58.33333333,87.5,30.32709844,23.77773118,115.9600004,0.534105738,115.9600004,2.023883808,-13.61228666,95.60453906,109.2168257,1.906193207,109.2168257
cy_l_gp_trial1_sch1_stim6,1,6,large,Y,w2,108.3333333,95.8,27.6707228,29.25311095,61.23431709,0.924113936,61.23431709,1.068740448,-68.74949449,48.4799175,117.229412,2.04603922,117.229412
cy_l_gp_trial1_sch1_stim6,1,6,large,Y,w3,75,133.3,14.26988437,39.97703341,116.7046265,0.267047365,116.7046265,2.036879985,-133.9430022,146.906052,280.8490542,4.901740698,280.8490542
cy_l_gp_trial1_sch1_stim6,1,6,large,Y,w4,133.3333333,141.7,13.56808756,38.40049218,28.91542434,1.265302589,28.91542434,0.504669359,-93.22754677,12.14909161,105.3766384,1.839169294,105.3766384
cy_l_gp_trial1_sch1_stim6,1,6,large,Y,w5,329.1666667,137.5,35.84992748,51.29132578,25.55060006,2.5166197,25.55060006,0.445942097,-110.4530417,20.34410126,130.7971429,2.282840796,130.7971429
cy_l_gp_trial1_sch1_stim6,1,6,large,Y,w6,450,141.7,29.27453672,47.28416754,42.00295742,2.190636805,42.00295742,0.733089903,-129.2894069,76.13031356,205.4197204,3.58525047,205.4197204
cy_l_gp_trial1_sch1_stim6,1,6,large,Y,w7,166.6666667,158.3,34.35345689,57.88615724,60.19905631,2.022724311,60.19905631,1.050671739,-50.48218431,31.91494006,82.39712437,1.438101114,82.39712437
cy_l_gp_trial1_sch1_stim6,1,6,large,Y,w8,154.1666667,204.2,26.89417781,53.08966001,92.37431863,0.615122656,92.37431863,1.612236004,-135.1968919,115.4306295,250.6275215,4.374275446,250.6275215
cy_l_gp_trial1_sch1_stim6,1,6,large,Y,w9,225,200,41.81815993,55.80405451,73.94001269,1.564257139,73.94001269,1.29049667,-77.29726808,66.54097592,143.838244,2.510450948,143.838244
cy_l_gp_trial1_sch1_stim6,1,6,large,Y,w10,220.8333333,320.8,34.30659412,56.23323572,101.8169615,1.743236172,101.8169615,1.777041213,-35.9639405,90.71615995,126.6801004,2.210984849,126.6801004
cy_l_trial2_sch2_stim1_2023-08-10-10-50,2,1,large,Y,s1,192,0,10.76022769,31.15468665,19.14812001,1.216290906,130.3456318,2.27496044,18.81438552,-138.7685297,-157.5829152,-2.750340716,157.5829152
cy_l_trial2_sch2_stim1_2023-08-10-10-50,2,1,large,Y,s2,113,95.8,10.76022769,39.15973953,11.79465981,0.403377875,129.3787569,2.258085291,123.9117135,-154.9831065,-278.8948201,-4.867632877,278.8948201
cy_l_trial2_sch2_stim1_2023-08-10-10-50,2,1,large,Y,s3,363,100,10.76022769,26.72197785,17.27747956,2.920383167,124.2244932,2.168126418,-4.277937555,-128.405485,-124.1275474,-2.166434395,124.1275474
cy_l_trial2_sch2_stim1_2023-08-10-10-50,2,1,large,Y,s4,442,270.8,10.76022769,31.59216359,14.52085397,1.80286296,145.325723,2.536412355,95.55994726,-149.4207731,-244.9807204,-4.275720175,244.9807204
cy_l_trial2_sch2_stim1_2023-08-10-10-50,2,1,large,Y,s5,329,275,10.76022769,41.10348039,28.97745503,1.127428421,164.6635081,2.873920375,114.9196644,-177.0426994,-291.9623638,-5.095704539,291.9623638
cy_l_trial2_sch2_stim1_2023-08-10-10-50,2,1,large,Y,s6,408,383.3,10.76022769,21.59589776,21.50706861,16.19685519,138.6666978,2.42019044,-160.0385964,-134.8279411,25.2106553,0.440008942,25.2106553
cy_l_trial2_sch2_stim1_2023-08-10-10-50,2,1,large,Y,s7,583,291.7,10.76022769,52.9604881,29.20499444,6.740094198,172.2439984,3.006224888,92.66300077,179.2097635,86.54676273,1.510525967,86.54676273
cy_l_trial2_sch2_stim1_2023-08-10-10-50,2,1,large,Y,s8,283,604.2,10.76022769,38.23652835,55.15432259,31.01906924,134.8619381,2.353784856,128.0405779,137.1747441,9.134166186,0.159421274,9.134166186
cy_l_trial2_sch2_stim1_2023-08-10-10-50,2,1,large,Y,s9,229,716.7,10.76022769,48.21994712,60.72272145,18.38146993,125.317649,2.187205586,165.6027618,153.1354963,-12.46726554,-0.217594832,12.46726554
cy_l_trial2_sch2_stim1_2023-08-10-10-50,2,1,large,Y,w1,392,233.3,10.76022769,57.65650787,43.45603871,3.419586204,97.97109505,1.70991818,9.220824041,-105.3154512,-114.5362752,-1.999035116,114.5362752
cy_l_trial2_sch2_stim1_2023-08-10-10-50,2,1,large,Y,w2,71,241.7,10.76022769,45.27566455,35.243022,1.263272066,179.5416435,3.133592824,104.1959897,160.2673105,56.07132085,0.978629165,56.07132085
cy_l_trial2_sch2_stim1_2023-08-10-10-50,2,1,large,Y,w3,463,325,10.76022769,23.92704955,40.06611162,1.633051096,156.0018424,2.722745788,107.9930878,-175.2191161,-283.2122039,-4.942985441,283.2122039
cy_l_trial2_sch2_stim1_2023-08-10-10-50,2,1,large,Y,w4,467,329.2,10.76022769,58.82519953,47.52968862,6.709646513,175.1669743,3.057240443,64.50577328,134.0573757,69.55160242,1.213904462,69.55160242
cy_l_trial2_sch2_stim1_2023-08-10-10-50,2,1,large,Y,w5,608,337.5,10.76022769,42.74733676,49.47178994,6.610128537,167.2943044,2.919836432,82.30394828,174.334433,92.03048473,1.606234971,92.03048473
cy_l_trial2_sch2_stim1_2023-08-10-10-50,2,1,large,Y,w6,363,420.8,10.76022769,62.41819366,54.39207755,1.629837246,142.743769,2.491348756,95.73249519,-126.6823508,-222.4148459,-3.881871367,222.4148459
cy_l_trial2_sch2_stim1_2023-08-10-10-50,2,1,large,Y,w7,492,416.7,10.76022769,54.48710673,53.06293622,2.058302278,148.0039988,2.583157085,78.45582607,-160.4141747,-238.8700008,-4.169067998,238.8700008
cy_l_trial2_sch2_stim1_2023-08-10-10-50,2,1,large,Y,w8,467,475,10.76022769,50.81512078,52.17156793,8.223295161,158.9258158,2.773778752,122.0956482,178.8449996,56.74935139,0.99046303,56.74935139
cy_l_trial2_sch2_stim1_2023-08-10-10-50,2,1,large,Y,w9,454,483.3,10.76022769,46.88061433,47.29713733,12.72788736,155.177249,2.708353919,126.2425967,161.9253972,35.68280058,0.622782356,35.68280058
cy_l_trial2_sch2_stim1_2023-08-10-10-50,2,1,large,Y,w10,483,516.7,10.76022769,59.24879239,58.3527977,1.789474581,160.7298949,2.805265872,106.6802658,-163.4176381,-270.0979039,-4.714097726,270.0979039
cy_l_trial2_sch2_stim1_2023-08-10-10-50,2,1,large,Y,w11,238,550,10.76022769,51.41714208,58.78823777,4.762178025,157.2066504,2.743773655,96.76961953,146.6417576,49.87213808,0.870433014,49.87213808
cy_l_trial2_sch2_stim2_2023-08-10-11-05,2,2,large,Y,s1,104,0,10.08,41.9241434,12.85496013,0.667189685,1.888188007,0.032955098,127.6004053,-28.52710829,-156.1275136,-2.724939166,156.1275136
cy_l_trial2_sch2_stim2_2023-08-10-11-05,2,2,large,Y,s2,167,16.7,10.08,22.28829289,20.65263664,34.8494023,89.33977056,1.559273149,150.7671825,145.9846998,-4.782482788,-0.083470071,4.782482788
cy_l_trial2_sch2_stim2_2023-08-10-11-05,2,2,large,Y,s3,46,25,10.08,30.52803466,16.96710052,0.16533214,141.4617649,2.468973563,104.7435628,-172.4761796,-277.2197424,-4.838397256,277.2197424
cy_l_trial2_sch2_stim2_2023-08-10-11-05,2,2,large,Y,s4,58,29.2,10.08,24.63647093,22.41542549,0.209632933,137.1961072,2.394523791,112.8336542,-165.4305123,-278.2641665,-4.856625896,278.2641665
cy_l_trial2_sch2_stim2_2023-08-10-11-05,2,2,large,Y,s5,58,33.3,10.08,40.91891739,20.06473523,0.204546872,134.8534638,2.353636951,137.9184347,-147.2647737,-285.1832084,-4.977385959,285.1832084
cy_l_trial2_sch2_stim2_2023-08-10-11-05,2,2,large,Y,s6,129,91.7,10.08,39.81680173,27.1654284,1.188127152,141.3012504,2.466172056,-20.92966027,-129.644175,-108.7145147,-1.897426226,108.7145147
cy_l_trial2_sch2_stim2_2023-08-10-11-05,2,2,large,Y,s7,142,241.7,10.08,65.94459796,46.7355047,10.01033037,176.2218023,3.075650664,-149.6973193,-163.8493664,-14.15204708,-0.246999818,14.15204708
cy_l_trial2_sch2_stim2_2023-08-10-11-05,2,2,large,Y,s8,113,341.7,10.08,21.82831189,31.36942779,1.459344348,92.14868067,1.608297879,171.3338821,94.24446849,-77.08941359,-1.345464086,77.08941359
cy_l_trial2_sch2_stim2_2023-08-10-11-05,2,2,large,Y,s9,346,395.8,10.08,45.89084985,27.10293896,1.372399817,131.8930484,2.301967955,98.65254179,-153.3391366,-251.9916784,-4.398084475,251.9916784
cy_l_trial2_sch2_stim2_2023-08-10-11-05,2,2,large,Y,w1,113,150,10.08,62.77870738,50.58486434,0.355474929,147.8566974,2.58058619,-144.2933086,172.1847065,316.4780151,5.523583373,316.4780151
cy_l_trial2_sch2_stim2_2023-08-10-11-05,2,2,large,Y,w2,271,166.7,10.08,49.53159093,37.33512689,1.152063964,162.9355022,2.843760982,65.92000549,-169.1653212,-235.0853266,-4.103012973,235.0853266
cy_l_trial2_sch2_stim2_2023-08-10-11-05,2,2,large,Y,w3,400,212.5,10.08,36.6005806,20.32691073,2.461113862,179.0409532,3.124854129,10.13758616,172.6656212,162.528035,2.836649338,162.528035
cy_l_trial2_sch2_stim2_2023-08-10-11-05,2,2,large,Y,w4,392,225,10.08,31.78938502,40.56,4.354572997,175.3233119,3.059969048,82.60599136,172.5497509,89.94375957,1.569814746,89.94375957
cy_l_trial2_sch2_stim2_2023-08-10-11-05,2,2,large,Y,w5,488,237.5,10.08,39.91943887,47.54410374,5.201013626,173.325531,3.025101193,78.07400762,171.8057367,93.73172905,1.635927285,93.73172905
cy_l_trial2_sch2_stim2_2023-08-10-11-05,2,2,large,Y,w6,279,245.8,10.08,55.42343548,36.47394961,1.202687573,150.2951367,2.623144985,72.25532837,-159.8636966,-232.1190249,-4.051241242,232.1190249
cy_l_trial2_sch2_stim2_2023-08-10-11-05,2,2,large,Y,w7,413,258.3,10.08,60.39255997,53.91031905,8.583063564,158.7652959,2.770977151,119.8810564,167.9408193,48.05976292,0.838801101,48.05976292
cy_l_trial2_sch2_stim2_2023-08-10-11-05,2,2,large,Y,w8,479,275,10.08,47.08841153,48.38136521,1.774848013,153.5406605,2.679790061,99.11135704,-170.8648116,-269.9761687,-4.711973045,269.9761687
cy_l_trial2_sch2_stim2_2023-08-10-11-05,2,2,large,Y,w9,492,262.5,10.08,47.16488736,50.23264675,4.430959618,166.8093893,2.911373066,62.82973423,173.7914015,110.9616672,1.936646437,110.9616672
cy_l_trial2_sch2_stim2_2023-08-10-11-05,2,2,large,Y,w10,325,283.3,10.08,61.63729391,59.10826169,1.120768055,131.7826174,2.30004057,-150.524111,139.4556028,289.9797138,5.06110077,289.9797138
cy_l_trial2_sch2_stim2_2023-08-10-11-05,2,2,large,Y,w11,342,295.8,10.08,58.98827426,50.63329833,5.844474303,150.3865739,2.624740865,-89.09777884,-147.5575562,-58.45977738,-1.020315595,58.45977738
cy_l_trial2_sch2_stim4_2023-08-10-11-37,2,4,large,Y,s1,125,0,10.8,42.41630936,8.236613382,0.717064762,137.5145102,2.400080973,-12.20046873,162.1213034,174.3217721,3.042488882,174.3217721
cy_l_trial2_sch2_stim4_2023-08-10-11-37,2,4,large,Y,s2,113,41.7,10.8,47.98679923,11.75310172,0.833256435,41.98240862,0.732731258,92.48057661,-42.53188209,-135.0124587,-2.356411936,135.0124587
cy_l_trial2_sch2_stim4_2023-08-10-11-37,2,4,large,Y,s3,75,45.8,10.8,40.96275381,16.72817085,0.224135118,125.6737002,2.193419852,174.4006607,-160.2189229,-334.6195836,-5.840213475,334.6195836
cy_l_trial2_sch2_stim4_2023-08-10-11-37,2,4,large,Y,s4,175,100,10.8,40.70724874,22.10225328,2.812830979,132.3842451,2.310540955,-42.62503848,-104.8399392,-62.21490068,-1.085854861,62.21490068
cy_l_trial2_sch2_stim4_2023-08-10-11-37,2,4,large,Y,s5,25,116.7,10.8,51.24380353,25.41524936,2.422648498,166.4295656,2.904743893,-154.3044639,-164.6237488,-10.31928487,-0.180105497,10.31928487
cy_l_trial2_sch2_stim4_2023-08-10-11-37,2,4,large,Y,s6,125,145.8,10.8,59.43247681,24.51919248,0.527568155,78.22453879,1.365275758,147.2527595,-89.68345195,-236.9362115,-4.135317007,236.9362115
cy_l_trial2_sch2_stim4_2023-08-10-11-37,2,4,large,Y,s7,275,233.3,10.8,59.17826713,25.45974862,1.10763083,114.1006777,1.991432504,120.9353782,-127.3422903,-248.2776685,-4.333262775,248.2776685
cy_l_trial2_sch2_stim4_2023-08-10-11-37,2,4,large,Y,s8,808,391.7,10.8,58.64705022,42.66652083,37.90111279,132.5804908,2.313966088,-171.2168846,-149.8894546,21.32743009,0.372233876,21.32743009
cy_l_trial2_sch2_stim4_2023-08-10-11-37,2,4,large,Y,s9,625,412.5,10.8,53.30078048,45.47398927,8.021305792,31.96134342,0.557830676,-63.58493743,-141.5024257,-77.91748827,-1.359916715,77.91748827
cy_l_trial2_sch2_stim4_2023-08-10-11-37,2,4,large,Y,s10,275,420.8,10.8,40.42242571,37.89440592,36.96104781,179.2926806,3.129247602,-162.1745578,-169.614823,-7.440265259,-0.129857126,7.440265259
cy_l_trial2_sch2_stim4_2023-08-10-11-37,2,4,large,Y,s11,488,583.3,10.8,29.48537604,29.80618895,2.056669393,131.7541886,2.299544394,94.64203781,-142.3916836,-237.0337214,-4.137018877,237.0337214
cy_l_trial2_sch2_stim4_2023-08-10-11-37,2,4,large,Y,w1,371,170.8,10.8,45.36217036,30.14626013,1.470604635,122.8834823,2.144721362,125.4257721,-126.7380824,-252.1638545,-4.401089516,252.1638545
cy_l_trial2_sch2_stim4_2023-08-10-11-37,2,4,large,Y,w2,317,191.7,10.8,36.95634858,31.91012692,4.875518514,169.879593,2.96495823,105.0915727,170.0419294,64.95035672,1.133597575,64.95035672
cy_l_trial2_sch2_stim4_2023-08-10-11-37,2,4,large,Y,w3,292,204.2,10.8,58.06834766,33.41494426,1.015371805,102.3311395,1.786015311,159.1071228,-128.1439759,-287.2510987,-5.013477453,287.2510987
cy_l_trial2_sch2_stim4_2023-08-10-11-37,2,4,large,Y,w4,267,233.3,10.8,42.41023108,38.34230301,3.793454606,169.9988016,2.967038812,101.2677101,171.5642325,70.29652239,1.226905768,70.29652239
cy_l_trial2_sch2_stim4_2023-08-10-11-37,2,4,large,Y,w5,238,237.5,10.8,53.66127561,42.19816347,0.805684556,134.123986,2.340905162,143.7126102,-151.0677703,-294.7803805,-5.14488821,294.7803805
cy_l_trial2_sch2_stim4_2023-08-10-11-37,2,4,large,Y,w6,658,241.7,10.8,48.03299699,31.922207,2.436199804,112.3580999,1.961018785,139.6034948,-130.6261195,-270.2296143,-4.716396506,270.2296143
cy_l_trial2_sch2_stim4_2023-08-10-11-37,2,4,large,Y,w7,646,275,10.8,44.07151007,34.81259111,2.8029545,159.9030735,2.790835117,65.82521804,-164.5864185,-230.4116365,-4.021441692,230.4116365
cy_l_trial2_sch2_stim4_2023-08-10-11-37,2,4,large,Y,w8,983,337.5,10.8,56.78948934,37.07834408,4.016303482,140.2676971,2.448133149,92.33202368,-152.5033922,-244.8354159,-4.273184133,244.8354159
cy_l_trial2_sch2_stim4_2023-08-10-11-37,2,4,large,Y,w9,388,625,10.8,62.69724795,39.73592078,1.528353161,123.7618667,2.160052063,116.872539,-136.6683374,-253.5408764,-4.425123082,253.5408764
cy_l_trial2_sch2_stim5_2023-08-10-11-50,2,5,large,Y,s1,42,0,10.71037814,43.27238958,14.4986896,0.621778701,15.53084217,0.271064332,-85.80435031,-18.79229832,67.01205198,1.169580946,67.01205198
cy_l_trial2_sch2_stim5_2023-08-10-11-50,2,5,large,Y,s2,163,58.3,10.71037814,36.73423063,15.92239304,0.915349843,146.6544732,2.559603419,-1.767827056,-179.2955792,-177.5277521,-3.098443788,177.5277521
cy_l_trial2_sch2_stim5_2023-08-10-11-50,2,5,large,Y,s3,275,75,10.71037814,47.94173547,25.95391493,48.6556427,82.64345418,1.442400381,-103.1403331,-108.7922983,-5.651965214,-0.098645402,5.651965214
cy_l_trial2_sch2_stim5_2023-08-10-11-50,2,5,large,Y,s4,154,87.5,10.71037814,29.82919711,18.44301765,1.549864493,163.3941909,2.851766609,-79.46474279,-178.9358045,-99.47106172,-1.736097537,99.47106172
cy_l_trial2_sch2_stim5_2023-08-10-11-50,2,5,large,Y,s5,104,100,10.71037814,32.62499808,26.95778181,1.466867057,156.2551213,2.72716634,-61.56320386,-132.5762287,-71.0130248,-1.239411095,71.0130248
cy_l_trial2_sch2_stim5_2023-08-10-11-50,2,5,large,Y,s6,163,116.7,10.71037814,20.01072213,26.58004703,1.061592551,163.22561,2.848824318,-19.44939994,-172.5213105,-153.0719105,-2.671608831,153.0719105
cy_l_trial2_sch2_stim5_2023-08-10-11-50,2,5,large,Y,s7,296,362.5,10.71037814,39.7733642,40.5044837,8.135952453,90.7440592,1.58378261,-146.725112,-110.3638704,36.36124167,0.634623387,36.36124167
cy_l_trial2_sch2_stim5_2023-08-10-11-50,2,5,large,Y,s8,192,408.3,10.71037814,59.00467863,36.79300205,5.772623379,53.59301654,0.935374595,-114.8161051,-148.0188024,-33.2026973,-0.579496388,33.2026973
cy_l_trial2_sch2_stim5_2023-08-10-11-50,2,5,large,Y,s9,342,458.3,10.71037814,34.39543138,29.88404256,3.073209732,111.1655518,1.940204894,-19.44939994,-130.6252377,-111.1758378,-1.940384418,111.1758378
cy_l_trial2_sch2_stim5_2023-08-10-11-50,2,5,large,Y,s10,267,662.5,10.71037814,25.98390656,38.85866827,6.991548452,122.9052429,2.145101157,-98.80019788,-136.9414864,-38.14128851,-0.665691066,38.14128851
cy_l_trial2_sch2_stim5_2023-08-10-11-50,2,5,large,Y,s11,488,770.8,10.71037814,17.58587217,52.17963779,6.654483339,47.22976345,0.824314877,2.489552922,-70.76932762,-73.25888055,-1.278608672,73.25888055
cy_l_trial2_sch2_stim5_2023-08-10-11-50,2,5,large,Y,w1,342,112.5,10.71037814,54.99222672,36.8298208,4.391471109,171.6032525,2.995041764,-82.25528945,-160.0576154,-77.80232596,-1.357906754,77.80232596
cy_l_trial2_sch2_stim5_2023-08-10-11-50,2,5,large,Y,w2,608,187.5,10.71037814,20.42493819,41.98004526,2.319602476,140.033787,2.444050646,104.9441073,-157.3134733,-262.2575806,-4.57725827,262.2575806
cy_l_trial2_sch2_stim5_2023-08-10-11-50,2,5,large,Y,w3,379,187.5,10.71037814,38.33288536,41.0894658,3.675857917,179.6639582,3.135727618,-64.97321259,-168.1237356,-103.150523,-1.800316252,103.150523
cy_l_trial2_sch2_stim5_2023-08-10-11-50,2,5,large,Y,w4,342,187.5,10.71037814,43.87139615,46.27809957,5.853035859,111.7353752,1.950150188,-46.81419191,-105.188457,-58.37426507,-1.018823124,58.37426507
cy_l_trial2_sch2_stim5_2023-08-10-11-50,2,5,large,Y,w5,225,220.8,10.71037814,21.20751754,49.41130741,8.310934467,95.31122648,1.663494716,-141.3005132,-114.2277453,27.07276792,0.472508938,27.07276792
cy_l_trial2_sch2_stim5_2023-08-10-11-50,2,5,large,Y,w6,425,254.2,10.71037814,32.93984365,46.59993348,6.245257362,121.1651468,2.114730751,-42.61988286,-110.6715219,-68.05163909,-1.187725163,68.05163909
cy_l_trial2_sch2_stim5_2023-08-10-11-50,2,5,large,Y,w7,404,258.3,10.71037814,51.58142495,38.15267356,3.764852805,156.152032,2.725367091,-42.52310074,-149.875682,-107.3525813,-1.873656004,107.3525813
cy_l_trial2_sch2_stim5_2023-08-10-11-50,2,5,large,Y,w8,404,262.5,10.71037814,32.52332701,36.17282544,2.968976534,144.3924493,2.520123656,-6.723349963,-142.8533133,-136.1299633,-2.375916071,136.1299633
cy_l_trial2_sch2_stim5_2023-08-10-11-50,2,5,large,Y,w9,513,387.5,10.71037814,50.00485776,34.73259708,4.668084581,158.1852783,2.760853934,-55.84734684,-165.6354176,-109.7880707,-1.916163313,109.7880707
cy_l_trial2_sch2_stim6_2023-08-10-11-50,2,6,large,Y,s1,75,0,10.73016775,32.28722348,16.9904944,0.811075645,132.1423496,2.306319082,0,-92.46979673,-92.46979673,-1.613902412,92.46979673
cy_l_trial2_sch2_stim6_2023-08-10-11-50,2,6,large,Y,s2,75,12.5,10.73016775,24.89212727,24.72214594,0.553865579,128.9797607,2.251121492,12.76111516,-122.6508023,-135.4119175,-2.363383806,135.4119175
cy_l_trial2_sch2_stim6_2023-08-10-11-50,2,6,large,Y,s3,179,12.5,10.73016775,15.03871338,32.45851506,1.191081585,138.7517291,2.421674515,10.0079798,-140.4155251,-150.4235049,-2.625385433,150.4235049
cy_l_trial2_sch2_stim6_2023-08-10-11-50,2,6,large,Y,s4,175,45.8,10.73016775,27.67209425,15.13909178,0.900614554,131.9520207,2.302997216,-30.30879793,164.002963,194.311761,3.391380004,194.311761
cy_l_trial2_sch2_stim6_2023-08-10-11-50,2,6,large,Y,s5,154,50,10.73016775,19.51517615,25.00064799,1.531008584,151.6052438,2.646010668,36.8321534,137.5283012,100.6961478,1.757479323,100.6961478
cy_l_trial2_sch2_stim6_2023-08-10-11-50,2,6,large,Y,s6,142,62.5,10.73016775,11.30705974,32.83462349,0.937495947,158.4020367,2.764637083,14.70607787,165.8178423,151.1117644,2.637397828,151.1117644
cy_l_trial2_sch2_stim6_2023-08-10-11-50,2,6,large,Y,s7,63,91.7,10.73016775,35.88491048,24.90332709,0.759716685,49.88520257,0.870661033,47.53676174,-34.73074834,-82.26751008,-1.435838918,82.26751008
cy_l_trial2_sch2_stim6_2023-08-10-11-50,2,6,large,Y,s8,225,162.5,10.73016775,38.51410131,26.24348491,1.627081371,175.4989135,3.063033874,39.83153202,178.1159498,138.2844177,2.413518394,138.2844177
cy_l_trial2_sch2_stim6_2023-08-10-11-50,2,6,large,Y,w1,213,120.8,10.73016775,40.54408095,37.91781903,2.021922974,149.5385803,2.609940586,-27.48252082,-132.5804908,-105.09797,-1.834305613,105.09797
cy_l_trial2_sch2_stim6_2023-08-10-11-50,2,6,large,Y,w2,171,133.3,10.73016775,46.1719666,39.63446228,1.503431609,122.7401259,2.142219321,-1.350155611,-114.9790911,-113.6289355,-1.98319905,113.6289355
cy_l_trial2_sch2_stim6_2023-08-10-11-50,2,6,large,Y,w3,196,150,10.73016775,35.28594054,39.67887725,1.193628216,146.6459742,2.559455085,10.03487923,-154.030724,-164.0656032,-2.863484966,164.0656032
cy_l_trial2_sch2_stim6_2023-08-10-11-50,2,6,large,Y,w4,242,154.2,10.73016775,21.07617138,38.11541027,1.733575372,111.4396414,1.94498866,25.24597356,-114.1576373,-139.4036109,-2.433051999,139.4036109
cy_l_trial2_sch2_stim6_2023-08-10-11-50,2,6,large,Y,w5,208,162.5,10.73016775,45.29886202,28.66136773,0.986202393,154.3854209,2.694533912,57.7342908,-153.51376,-211.2480508,-3.686974025,211.2480508
cy_l_trial2_sch2_stim6_2023-08-10-11-50,2,6,large,Y,w6,246,233.3,10.73016775,30.17841613,33.6002753,1.856419956,145.6420685,2.541933625,-4.22896344,-136.6523047,-132.4233412,-2.311223311,132.4233412
cy_l_trial2_sch2_stim6_2023-08-10-11-50,2,6,large,Y,w7,213,287.5,10.73016775,40.73629954,27.30241381,2.012811631,176.9829287,3.088934826,60.9453959,166.5191102,105.5737143,1.842608918,105.5737143
cy_l_trial2_sch2_stim6_2023-08-10-11-50,2,6,large,Y,w8,425,366.7,10.73016775,52.78671897,37.76144595,3.34855671,102.6913485,1.792302144,21.80140949,-105.1189436,-126.9203531,-2.215178049,126.9203531
cy_l_trial2_sch2_stim6_2023-08-10-11-50,2,6,large,Y,w9,408,370.8,10.73016775,23.8698408,40.47788779,2.941554694,141.2951408,2.466065424,-7.800187884,-146.6156701,-138.8154822,-2.422787218,138.8154822
cy_l_trial2_sch2_stim6_2023-08-10-11-50,2,6,large,Y,w10,346,379.2,10.73016775,39.95458046,34.09757763,2.330702555,128.8647279,2.249113792,10.84412339,-137.5374591,-148.3815825,-2.589747163,148.3815825
cy_l_trial2_sch2_stim6_2023-08-10-11-50,2,6,large,Y,w11,313,391.7,10.73016775,16.18082816,42.37915171,1.535251691,166.5216637,2.906351308,49.205357,-154.3443293,-203.5496863,-3.552612217,203.5496863
cy_l_trial2_sch2_stim6_2023-08-10-11-50,2,6,large,Y,w12,417,404.2,10.73016775,45.95616172,43.57096396,2.878541142,158.5577748,2.767355225,-24.79911871,-169.5483671,-144.7492483,-2.526350973,144.7492483
cy_s_gp_trial2_sch2_stim1_2023-08-12-09-19,2,1,small,Y,s1,46,29.2,10.73000466,26.65662019,22.60740144,0.490230829,19.35508933,0.337810036,128.6598083,35.16643604,-93.49337222,-1.631767174,93.49337222
cy_s_gp_trial2_sch2_stim1_2023-08-12-09-19,2,1,small,Y,s2,46,37.5,10.73000466,21.1866609,23.79565086,0.184308413,50.53387608,0.881982521,176.7295121,-71.94786806,-248.6773801,-4.340239059,248.6773801
cy_s_gp_trial2_sch2_stim1_2023-08-12-09-19,2,1,small,Y,s3,46,50,10.73000466,5.491019942,22.87790419,0.40058782,27.17745305,0.474336038,-158.3177084,-43.90251395,114.4151944,1.996921857,114.4151944
cy_s_gp_trial2_sch2_stim1_2023-08-12-09-19,2,1,small,Y,s4,46,66.7,10.73000466,11.0330866,25.89265919,0.197262489,63.52632957,1.108743613,163.0724869,-69.27444113,-232.3469281,-4.055218902,232.3469281
cy_s_gp_trial2_sch2_stim1_2023-08-12-09-19,2,1,small,Y,s5,50,75,10.73000466,16.59662918,30.82678867,0.443955973,17.1619188,0.299531989,135.822371,23.19859051,-112.6237805,-1.965655785,112.6237805
cy_s_gp_trial2_sch2_stim1_2023-08-12-09-19,2,1,small,Y,s6,50,91.7,10.73000466,14.02498485,33.13138995,0.367469919,19.01367439,0.331851221,157.131505,21.06594565,-136.0655593,-2.374792009,136.0655593
cy_s_gp_trial2_sch2_stim1_2023-08-12-09-19,2,1,small,Y,s7,208,466.7,10.73000466,44.46764667,54.63160258,20.30819001,34.25733394,0.59790327,41.67259576,31.41400879,-10.25858697,-0.179046119,10.25858697
cy_s_gp_trial2_sch2_stim1_2023-08-12-09-19,2,1,small,Y,w1,29,91.7,10.73000466,26.48233373,28.01692346,0.648355981,87.07502205,1.519745831,168.1785117,123.1929366,-44.98557508,-0.785146401,44.98557508
cy_s_gp_trial2_sch2_stim1_2023-08-12-09-19,2,1,small,Y,w2,146,166.7,10.73000466,51.01017644,40.10067456,0.918902365,45.43870337,0.793054982,-102.6803835,56.02345596,158.7038395,2.769904534,158.7038395
cy_s_gp_trial2_sch2_stim1_2023-08-12-09-19,2,1,small,Y,w3,117,175,10.73000466,23.62736761,38.28702261,1.26269063,32.17725441,0.561599034,139.6858998,47.29061004,-92.3952898,-1.61260202,92.3952898
cy_s_gp_trial2_sch2_stim1_2023-08-12-09-19,2,1,small,Y,w4,163,179.2,10.73000466,40.97377332,46.70486591,1.091626904,2.317062386,0.040440368,-144.148853,4.711530946,148.8603839,2.598103825,148.8603839
cy_s_gp_trial2_sch2_stim1_2023-08-12-09-19,2,1,small,Y,w5,233,200,10.73000466,31.63106385,39.76467025,1.737070579,6.473955969,0.112991847,-126.3424485,7.983315879,134.3257644,2.344426859,134.3257644
cy_s_gp_trial2_sch2_stim1_2023-08-12-09-19,2,1,small,Y,w6,163,216.7,10.73000466,27.68208807,35.73721869,0.646671935,75.30268072,1.314279714,-171.6943238,79.59228869,251.2866125,4.385778754,251.2866125
cy_s_gp_trial2_sch2_stim1_2023-08-12-09-19,2,1,small,Y,w7,233,229.2,10.73000466,49.47328269,55.1055215,1.592701328,14.95356475,0.26098894,-150.0463918,-3.544766456,146.5016254,2.556935722,146.5016254
cy_s_gp_trial2_sch2_stim1_2023-08-12-09-19,2,1,small,Y,w8,154,258.3,10.73000466,39.02870738,40.44208204,1.906919429,67.13866002,1.171790673,-33.47096427,47.37496152,80.84592579,1.411027592,80.84592579
cy_s_gp_trial2_sch2_stim1_2023-08-12-09-19,2,1,small,Y,w9,175,329.2,10.73000466,43.25194331,32.91696523,2.142172013,15.89283098,0.277382228,-94.00780454,-12.31501848,81.69278606,1.425808092,81.69278606
cy_s_gp_trial2_sch2_stim1_2023-08-12-09-19,2,1,small,Y,w10,133,441.7,10.73000466,42.56759918,37.72378693,0.91602498,55.83007954,0.97441871,-85.30131948,60.2551187,145.5564382,2.540439094,145.5564382
cy_s_gp_trial2_sch2_stim1_2023-08-12-09-19,2,1,small,Y,w11,192,483.3,10.73000466,41.27247267,30.12155706,1.756555225,6.248371665,0.109054658,-111.7176438,-2.602562202,109.1150816,1.904417437,109.1150816
cy_s_gp_trial2_sch2_stim3_2023-08-12-09-46,2,3,small,Y,s1,54,0,10.7416805,24.1819871,22.57537154,0.238444545,68.52706395,1.196022893,-152.5668974,74.599829,227.1667264,3.964807326,227.1667264
cy_s_gp_trial2_sch2_stim3_2023-08-12-09-46,2,3,small,Y,s2,63,8.3,10.7416805,22.76566933,20.42635552,0.226686974,85.89272539,1.499110862,180,-95.71059314,-275.7105931,-4.812057633,275.7105931
cy_s_gp_trial2_sch2_stim3_2023-08-12-09-46,2,3,small,Y,s3,42,20.8,10.7416805,9.311594922,31.12387669,0.464216912,53.21278019,0.928738218,-57.49891946,32.25797134,89.7568908,1.566553271,89.7568908
cy_s_gp_trial2_sch2_stim3_2023-08-12-09-46,2,3,small,Y,s4,108,170.8,10.7416805,17.38223518,40.08266708,0.897357802,49.72952691,0.86794398,-70.92130546,49.80348576,120.7247912,2.107045096,120.7247912
cy_s_gp_trial2_sch2_stim3_2023-08-12-09-46,2,3,small,Y,s5,608,1179.2,10.7416805,44.47482097,45.91897647,11.37348313,164.7676448,2.875737903,-109.8922571,-163.3792431,-53.48698603,-0.933524013,53.48698603
cy_s_gp_trial2_sch2_stim3_2023-08-12-09-46,2,3,small,Y,s6,413,641.7,10.7416805,37.2506859,35.87067465,8.666398329,52.19623543,0.910996165,-10.159056,37.43857157,47.59762757,0.830735317,47.59762757
cy_s_gp_trial2_sch2_stim3_2023-08-12-09-46,2,3,small,Y,s7,796,650,10.7416805,50.079374,54.12794103,75.38458825,17.10272897,0.298498932,-39.92039214,-50.47736873,-10.55697659,-0.184254001,10.55697659
cy_s_gp_trial2_sch2_stim3_2023-08-12-09-46,2,3,small,Y,s8,271,795.8,10.7416805,41.15485998,52.34036683,6.059911463,136.661549,2.385193992,158.4985657,113.8059435,-44.69262216,-0.780033408,44.69262216
cy_s_gp_trial2_sch2_stim3_2023-08-12-09-46,2,3,small,Y,w1,154,179.2,10.7416805,21.64260844,36.85658693,1.10166551,40.82452383,0.712522356,-103.5704344,36.36919821,139.9396326,2.442407343,139.9396326
cy_s_gp_trial2_sch2_stim3_2023-08-12-09-46,2,3,small,Y,w2,258,216.7,10.7416805,37.85619104,49.75299086,4.116680562,87.2445753,1.522705093,-21.23061114,41.52221348,62.75282462,1.095243405,62.75282462
cy_s_gp_trial2_sch2_stim3_2023-08-12-09-46,2,3,small,Y,w3,117,225,10.7416805,28.32764198,34.71576299,0.554678173,81.03524044,1.414331756,-135,75.3321751,210.3321751,3.670988978,210.3321751
cy_s_gp_trial2_sch2_stim3_2023-08-12-09-46,2,3,small,Y,w4,225,295.8,10.7416805,53.04467645,44.98065807,5.087632229,158.6631407,2.769194207,-127.2664019,-171.4912967,-44.22489478,-0.771870025,44.22489478
cy_s_gp_trial2_sch2_stim3_2023-08-12-09-46,2,3,small,Y,w5,279,304.2,10.7416805,46.37836241,35.2551982,1.121033528,81.81219799,1.427892223,-162.6024871,86.42366563,249.0261527,4.346326289,249.0261527
cy_s_gp_trial2_sch2_stim3_2023-08-12-09-46,2,3,small,Y,w6,325,312.5,10.7416805,35.99606784,39.02120705,2.633451938,1.236407603,0.021579384,-121.4026092,2.009553813,123.4121631,2.153948582,123.4121631
cy_s_gp_trial2_sch2_stim3_2023-08-12-09-46,2,3,small,Y,w7,92,341.7,10.7416805,38.09430404,53.57946715,3.283010354,85.46773829,1.491693437,44.33380003,72.25532837,27.92152835,0.487322602,27.92152835
cy_s_gp_trial2_sch2_stim3_2023-08-12-09-46,2,3,small,Y,w8,300,512.5,10.7416805,50.33845846,57.33634188,1.073773811,147.5092994,2.574522953,-105.9453959,173.4430535,279.3884494,4.876248334,279.3884494
cy_s_gp_trial2_sch2_stim3_2023-08-12-09-46,2,3,small,Y,w9,250,550,10.7416805,45.4183333,58.8633239,3.09326803,111.9384805,1.953695044,32.71167684,113.5323486,80.82067172,1.410586825,80.82067172
cy_s_gp_trial2_sch2_stim3_2023-08-12-09-46,2,3,small,Y,w10,458,591.7,10.7416805,43.27626601,39.12529744,1.533686701,167.5145325,2.923680137,-124.8040118,174.0401609,298.8441726,5.215814763,298.8441726
cy_s_gp_trial2_sch2_stim3_2023-08-12-09-46,2,3,small,Y,w11,371,1087.5,10.7416805,32.74862135,28.15532809,1.403198395,140.8091119,2.45758262,-124.4126787,139.8645144,264.2771931,4.612507158,264.2771931
cy_s_gp_trial2_sch2_stim3_2023-08-12-09-46,2,3,small,Y,w12,338,1200,10.7416805,56.55404583,53.89196786,1.178900158,170.8973775,2.982721921,-109.6222561,176.6615295,286.2837856,4.996594654,286.2837856
cy_s_gp_trial2_sch2_stim4_2023-08-12-09-58,2,4,small,Y,s1,117,0,10.6900421,30.05778601,19.40379602,0.869048733,149.5295933,2.609783733,-22.43588831,-156.6822916,-134.2464033,-2.343041747,134.2464033
cy_s_gp_trial2_sch2_stim4_2023-08-12-09-58,2,4,small,Y,s2,113,91.7,10.6900421,40.14179866,20.76638149,0.650871517,110.3825435,1.926538821,-38.7843641,134.0608091,172.8451732,3.016717368,172.8451732
cy_s_gp_trial2_sch2_stim4_2023-08-12-09-58,2,4,small,Y,s3,92,104.2,10.6900421,29.85448877,23.77017669,0.752901167,37.08006004,0.647169135,-87.97863506,33.77262623,121.7512613,2.124960378,121.7512613
cy_s_gp_trial2_sch2_stim4_2023-08-12-09-58,2,4,small,Y,s4,71,104.2,10.6900421,45.14510162,24.60329246,0.517702269,83.70409769,1.460912102,-51.48307369,85.33945452,136.8225282,2.388003608,136.8225282
cy_s_gp_trial2_sch2_stim4_2023-08-12-09-58,2,4,small,Y,s5,117,162.5,10.6900421,42.48747227,26.52310125,0.770332008,95.92062071,1.674130652,-47.90191047,103.547939,151.4498495,2.643298525,151.4498495
cy_s_gp_trial2_sch2_stim4_2023-08-12-09-58,2,4,small,Y,s6,421,712.5,10.6900421,60.77460818,61.04347303,7.551317897,66.83161285,1.166431689,-129.2894069,-73.55962048,55.72978638,0.972668264,55.72978638
cy_s_gp_trial2_sch2_stim4_2023-08-12-09-58,2,4,small,Y,s7,225,462.5,10.6900421,57.64722456,57.74387327,787.3681874,134.7275974,2.351440168,-131.6335393,-131.3477772,0.285762117,0.00498749,0.285762117
cy_s_gp_trial2_sch2_stim4_2023-08-12-09-58,2,4,small,Y,s8,596,279.2,10.6900421,63.29915718,63.55543171,11.83817284,26.8109543,0.467939428,24.24592868,-26.08559978,-50.33152846,-0.878450889,50.33152846
cy_s_gp_trial2_sch2_stim4_2023-08-12-09-58,2,4,small,Y,s9,521,516.7,10.6900421,64.78521436,61.90180773,1.482942756,177.6292357,3.10021501,176.9266675,-174.2894069,-351.2160744,-6.129876883,351.2160744
cy_s_gp_trial2_sch2_stim4_2023-08-12-09-58,2,4,small,Y,w1,208,283.3,10.6900421,42.67944236,33.55823893,1.836834579,43.23760898,0.754638637,-75.87681308,37.54294486,113.4197579,1.979548213,113.4197579
cy_s_gp_trial2_sch2_stim4_2023-08-12-09-58,2,4,small,Y,w2,204,300,10.6900421,54.41838017,42.55208691,2.551636327,66.32946152,1.157667495,-22.40212959,57.61188515,80.01401474,1.396508005,80.01401474
cy_s_gp_trial2_sch2_stim4_2023-08-12-09-58,2,4,small,Y,w3,142,362.5,10.6900421,46.33036585,33.47935782,0.550940864,77.8801627,1.359265261,-170.1486727,86.9872125,257.1358852,4.487867821,257.1358852
cy_s_gp_trial2_sch2_stim4_2023-08-12-09-58,2,4,small,Y,w4,154,383.3,10.6900421,40.31183449,29.81970154,0.587508416,73.31845604,1.27964846,-169.9024956,92.50509287,262.4075885,4.579876401,262.4075885
cy_s_gp_trial2_sch2_stim4_2023-08-12-09-58,2,4,small,Y,w5,229,445.8,10.6900421,49.81825067,34.63079699,2.258406202,149.5344551,2.609868586,-78.22086781,-179.6936084,-101.4727406,-1.771033424,101.4727406
cy_s_gp_trial2_sch2_stim4_2023-08-12-09-58,2,4,small,Y,w6,275,454.2,10.6900421,39.47029896,33.50968964,0.999500113,79.87532834,1.394087471,-179.0833457,96.05419189,275.1375376,4.802055928,275.1375376
cy_s_gp_trial2_sch2_stim4_2023-08-12-09-58,2,4,small,Y,w7,238,458.3,10.6900421,52.70188706,43.75588303,0.948337934,99.93092501,1.744123666,-144.3891476,106.0490048,250.4381524,4.370970331,250.4381524
cy_s_gp_trial2_sch2_stim4_2023-08-12-09-58,2,4,small,Y,w8,550,583.3,10.6900421,35.79656548,35.13821993,6.371006157,11.73605956,0.20483288,-84.05313695,2.275456438,86.32859338,1.506718193,86.32859338
cy_s_gp_trial2_sch2_stim4_2023-08-12-09-58,2,4,small,Y,w9,275,550,10.6900421,51.92686106,39.34042831,0.962155933,148.0949244,2.584744037,-129.0150477,156.8014095,285.8164572,4.988438234,285.8164572
cy_s_gp_trial2_sch2_stim4_2023-08-12-09-58,2,4,small,Y,w10,471,525,10.6900421,49.91019335,46.20362323,9.764096602,178.4518423,3.114572204,-114.4439548,-162.6648351,-48.22088029,-0.841613129,48.22088029
cy_s_gp_trial2_sch2_stim5_2023-08-12-10-10,2,5,small,Y,s1,46,0,10.60038207,28.2227302,19.24964675,0.17334182,114.8495506,2.004502803,-124.2157021,140.1944289,264.410131,4.614827362,264.410131
cy_s_gp_trial2_sch2_stim5_2023-08-12-10-10,2,5,small,Y,s2,46,41.7,10.60038207,24.41642275,21.6173657,0.406890186,32.47119229,0.566729218,166.2121471,53.56914188,-112.6430052,-1.96599132,112.6430052
cy_s_gp_trial2_sch2_stim5_2023-08-12-10-10,2,5,small,Y,s3,79,79.2,10.60038207,25.95582786,25.01859309,0.79866674,45,0.785398163,156.5409759,57.41744579,-99.12353013,-1.730031967,99.12353013
cy_s_gp_trial2_sch2_stim5_2023-08-12-10-10,2,5,small,Y,s4,75,141.7,10.60038207,21.50700584,28.55788683,0.700824266,8.746162263,0.152649328,-128.4373015,-21.42045912,107.0168424,1.867796254,107.0168424
cy_s_gp_trial2_sch2_stim5_2023-08-12-10-10,2,5,small,Y,s5,496,920.8,10.60038207,27.35463398,28.83724328,4.74653212,19.49980352,0.340335775,-114.5377285,-10.07549778,104.4622307,1.82320987,104.4622307
cy_s_gp_trial2_sch2_stim5_2023-08-12-10-10,2,5,small,Y,s6,421,887.5,10.60038207,47.83310255,53.7253953,9.599279514,51.92721813,0.906300928,-81.17962045,-37.33952467,43.84009578,0.765154016,43.84009578
cy_s_gp_trial2_sch2_stim5_2023-08-12-10-10,2,5,small,Y,s7,700,1391.7,10.60038207,43.5676497,54.42207732,2.179627542,152.2019519,2.656425188,-164.6148116,156.5409759,321.1557876,5.605225905,321.1557876
cy_s_gp_trial2_sch2_stim5_2023-08-12-10-10,2,5,small,Y,s8,550,800,10.60038207,30.11253726,44.71953153,1.865952893,153.2062244,2.67395305,-141.9810574,152.774508,294.7555654,5.144455105,294.7555654
cy_s_gp_trial2_sch2_stim5_2023-08-12-10-10,2,5,small,Y,s9,238,1800,10.60038207,32.08159129,32.47288869,13.43115267,97.78701795,1.706705429,-96.85976001,-79.17698877,17.68277123,0.308622579,17.68277123
cy_s_gp_trial2_sch2_stim5_2023-08-12-10-10,2,5,small,Y,s10,229,1237.5,10.60038207,36.05746802,51.88444083,33.1586074,48.92757663,0.853947307,-53.13010235,-46.21887524,6.911227119,0.120623669,6.911227119
cy_s_gp_trial2_sch2_stim5_2023-08-12-10-10,2,5,small,Y,s11,425,879.2,10.60038207,42.00764811,46.03151638,4.503268479,56.2435411,0.981634975,-126.1353766,-31.75948008,94.37589653,1.647170129,94.37589653
cy_s_gp_trial2_sch2_stim5_2023-08-12-10-10,2,5,small,Y,w1,221,91.7,10.60038207,37.99929605,35.34688812,1.484822459,36.23241876,0.632375003,-111.8571989,36.86989765,148.7270966,2.595777522,148.7270966
cy_s_gp_trial2_sch2_stim5_2023-08-12-10-10,2,5,small,Y,w2,267,216.7,10.60038207,24.71757472,38.36836327,1.121889846,116.5650512,2.034443936,-139.7869991,97.9071627,237.6941618,4.148545737,237.6941618
cy_s_gp_trial2_sch2_stim5_2023-08-12-10-10,2,5,small,Y,w3,371,225,10.60038207,38.77799376,52.19379465,6.329464652,58.96334811,1.029104563,-104.1189213,-45.53050132,58.58841999,1.022560832,58.58841999
cy_s_gp_trial2_sch2_stim5_2023-08-12-10-10,2,5,small,Y,w4,158,233.3,10.60038207,23.30149566,40.72120946,0.574373467,139.9392155,2.442400064,-159.9689873,115.6936997,275.662687,4.811221513,275.662687
cy_s_gp_trial2_sch2_stim5_2023-08-12-10-10,2,5,small,Y,w5,471,308.3,10.60038207,34.67774502,43.52866871,1.789870671,153.264172,2.674964427,-87.47917209,175.5752155,263.0543876,4.591165176,263.0543876
cy_s_gp_trial2_sch2_stim5_2023-08-12-10-10,2,5,small,Y,w6,150,325,10.60038207,27.16826273,35.08983471,0.525064093,105.4545562,1.840529217,-172.0303896,113.6490198,285.6794094,4.986046298,285.6794094
cy_s_gp_trial2_sch2_stim5_2023-08-12-10-10,2,5,small,Y,w8,250,612.5,10.60038207,31.32415202,41.94880809,0.855619634,114.2416757,1.993893384,-174.9305799,117.2553284,292.1859082,5.099606127,292.1859082
cy_s_gp_trial2_sch2_stim5_2023-08-12-10-10,2,5,small,Y,w9,300,429.2,10.60038207,25.51184235,33.47144006,1.341240098,107.1270532,1.869719797,-120.806495,102.8671041,223.6735991,3.903840754,223.6735991
cy_s_gp_trial2_sch2_stim5_2023-08-12-10-10,2,5,small,Y,w10,163,262.5,10.60038207,23.00086955,37.57619725,2.061560035,93.44738685,1.630964578,-143.1301024,-64.30630034,78.82380201,1.375734874,78.82380201
cy_s_gp_trial2_sch2_stim6_2023-08-12-10-22,2,6,small,Y,s1,46,0,10.74037709,15.97154031,17.1130944,0.523251391,52.14234195,0.910055547,-56.12918929,31.46414363,87.59333292,1.528792062,87.59333292
cy_s_gp_trial2_sch2_stim6_2023-08-12-10-22,2,6,small,Y,s2,79,8.3,10.74037709,16.5508459,24.72169088,0.393635699,180,3.141592654,-37.40535663,163.711226,201.1165826,3.510146547,201.1165826
cy_s_gp_trial2_sch2_stim6_2023-08-12-10-22,2,6,small,Y,s3,25,20.8,10.74037709,22.62442043,15.9991031,0.383396777,127.0617355,2.217645637,-36.48276989,-101.6893692,-65.20659928,-1.138069852,65.20659928
cy_s_gp_trial2_sch2_stim6_2023-08-12-10-22,2,6,small,Y,s4,104,137.5,10.74037709,29.25384932,23.75238935,0.446807696,168.4727647,2.940404444,-64.83592503,168.2994205,233.1353456,4.068979383,233.1353456
cy_s_gp_trial2_sch2_stim6_2023-08-12-10-22,2,6,small,Y,s5,133,145.8,10.74037709,29.04024793,22.07896057,0.997056415,83.73446069,1.461442036,-45,88.72696998,133.72697,2.333975925,133.72697
cy_s_gp_trial2_sch2_stim6_2023-08-12-10-22,2,6,small,Y,s6,63,204.2,10.74037709,36.80540314,24.83811587,0.5542031,63.43494882,1.107148718,-41.9872125,70.78732818,112.7745407,1.968287047,112.7745407
cy_s_gp_trial2_sch2_stim6_2023-08-12-10-22,2,6,small,Y,s7,92,220.8,10.74037709,25.34274255,23.71215933,0.46947126,148.4762091,2.591398709,-56.30993247,138.9451862,195.2551187,3.407844703,195.2551187
cy_s_gp_trial2_sch2_stim6_2023-08-12-10-22,2,6,small,Y,s8,67,329.2,10.74037709,28.40581631,14.00026071,0.518657634,41.067894,0.716769967,-76.05190382,52.48503895,128.5369428,2.243392862,128.5369428
cy_s_gp_trial2_sch2_stim6_2023-08-12-10-22,2,6,small,Y,s9,117,404.2,10.74037709,29.49001526,16.40572156,0.55398182,167.1561172,2.917424609,-54.46232221,156.1342399,210.5965621,3.675603402,210.5965621
cy_s_gp_trial2_sch2_stim6_2023-08-12-10-22,2,6,small,Y,s10,388,1195.8,10.74037709,48.71826352,55.78090802,4.482088407,75.29872811,1.314210728,-56.30993247,-142.765166,-86.45523354,-1.508928481,86.45523354
cy_s_gp_trial2_sch2_stim6_2023-08-12-10-22,2,6,small,Y,s11,338,1366.7,10.74037709,21.45507865,29.19235003,1.648290148,84.86827164,1.481230771,-128.9784099,75.7792297,204.7576396,3.573694979,204.7576396
cy_s_gp_trial2_sch2_stim6_2023-08-12-10-22,2,6,small,Y,w1,217,283.3,10.74037709,28.0073294,38.95721756,2.173098467,4.356975006,0.076043559,-76.70142967,23.00259659,99.70402626,1.740163536,99.70402626
cy_s_gp_trial2_sch2_stim6_2023-08-12-10-22,2,6,small,Y,w2,208,316.7,10.74037709,34.09661713,38.33463708,0.762496775,137.4319499,2.398640024,-121.1224702,152.102729,273.2251992,4.768679325,273.2251992
cy_s_gp_trial2_sch2_stim6_2023-08-12-10-22,2,6,small,Y,w3,208,316.7,10.74037709,40.19375325,43.7591419,4.121740963,150.7086378,2.630361941,-98.62735314,-149.1723377,-50.54498456,-0.882176401,50.54498456
cy_s_gp_trial2_sch2_stim6_2023-08-12-10-22,2,6,small,Y,w4,196,345.8,10.74037709,34.66076312,32.52364678,1.500038782,26.42927944,0.461277945,-77.11181487,53.44036528,130.5521801,2.278565389,130.5521801
cy_s_gp_trial2_sch2_stim6_2023-08-12-10-22,2,6,small,Y,w5,254,570.8,10.74037709,27.37981191,31.69476928,2.321538377,40.99817342,0.715553113,-89.63737333,19.84462757,109.4820009,1.910821387,109.4820009
cy_s_gp_trial2_sch2_stim6_2023-08-12-10-22,2,6,small,Y,w6,304,695.8,10.74037709,32.08125309,33.64531022,3.010377778,59.88626685,1.045212533,-64.16946986,36.86989765,101.0393675,1.763469637,101.0393675
cy_s_gp_trial2_sch2_stim6_2023-08-12-10-22,2,6,small,Y,w7,246,720.8,10.74037709,26.64943714,36.01853412,2.561201427,7.159080423,0.124949525,-76.13897244,19.84462757,95.9836,1.675229848,95.9836
cy_s_gp_trial2_sch2_stim6_2023-08-12-10-22,2,6,small,Y,w8,254,850,10.74037709,38.95333875,46.88492402,3.634535502,25.51387043,0.445301044,-56.42118627,13.50980395,69.93099023,1.220526029,69.93099023
cy_s_gp_trial2_sch2_stim6_2023-08-12-10-22,2,6,small,Y,w9,317,595.8,10.74037709,23.02761169,35.05643735,8.551534835,111.1562832,1.940043126,-90,-127.0303896,-37.03038961,-0.646302222,37.03038961
cy_s_sch3_stim1,3,1,small,Y,s1,54,0,12.74651325,11.49379398,-113.4911622,0.529633222,113.4911622,1.980794452,13.68645673,-88.58557679,-102.2720335,-1.784983718,102.2720335
cy_s_sch3_stim1,3,1,small,Y,s2,38,29.2,9.20891416,13.55924039,95.97432329,0.531167911,95.97432329,1.675067939,-3.270487923,67.32865638,70.5991443,1.232187517,70.5991443
cy_s_sch3_stim1,3,1,small,Y,s3,63,29.2,10.80481374,22.87528142,130.1172404,0.222764189,130.1172404,2.270974259,-117.6459754,162.9197664,280.5657418,4.896795963,280.5657418
cy_s_sch3_stim1,3,1,small,Y,s4,113,308.3,17.74690114,25.02955853,173.9559078,1.570626578,173.9559078,3.036103345,64.44003483,136.0674997,71.62746486,1.250135097,71.62746486
cy_s_sch3_stim1,3,1,small,Y,s5,63,525,27.59813399,25.57064137,-179.6609757,0.581534697,179.6609757,3.135675563,-55.87145293,-163.3456936,-107.4742407,-1.875779361,107.4742407
cy_s_sch3_stim1,3,1,small,Y,w1,200,220.8,22.9920421,37.01380959,-100.1028349,3.009437421,100.1028349,1.747124059,90.14792337,156.6055272,66.45760387,1.159904001,66.45760387
cy_s_sch3_stim1,3,1,small,Y,w2,238,350,27.7103681,40.15790084,-92.40097695,1.242284031,92.40097695,1.61270128,99.09027692,-92.08983488,-191.1801118,-3.336722415,191.1801118
cy_s_sch3_stim1,3,1,small,Y,w3,250,391.7,23.6596978,35.31841729,-163.4126614,3.782690649,163.4126614,2.852088982,96.8292443,162.9197664,66.09052212,1.153497215,66.09052212
cy_s_sch3_stim1,3,1,small,Y,w4,267,458.3,24.31269627,38.24989542,-178.9325003,6.796756183,178.9325003,3.122961269,104.8163193,144.0507217,39.23440233,0.684769501,39.23440233
cy_s_sch3_stim1,3,1,small,Y,w5,446,458.3,22.93,38.61926203,178.602819,17.01108559,178.602819,3.117207244,91.42320485,117.6316047,26.20839987,0.457422869,26.20839987
cy_s_sch3_stim1,3,1,small,Y,w6,588,512.5,26.40954562,33.93577463,-146.4742917,2.683028391,146.4742917,2.55645866,79.91940201,-139.0495817,-218.9689837,-3.821729726,218.9689837
cy_s_sch3_stim1,3,1,small,Y,w7,238,525,33.25619491,35.12630069,146.2206868,2.547914263,146.2206868,2.552032419,65.48701419,158.7005118,93.2134976,1.62688244,93.2134976
cy_s_sch3_stim1,3,1,small,Y,w8,204,566.7,23.40457434,30.49197927,-163.7025116,3.053123969,163.7025116,2.857147821,95.75456533,162.6259629,66.87139754,1.167126062,66.87139754
cy_s_sch3_stim1,3,1,small,Y,w9,188,583.3,35.05684669,37.80940095,-152.3540246,47.08904159,152.3540246,2.659079359,-152.1524217,-156.1342399,-3.98181814,-0.069495837,3.98181814
cy_s_sch3_stim1,3,1,small,Y,w10,338,662.5,29.25299301,37.5495739,162.6459754,22.85604827,162.6459754,2.838707785,37.49691261,52.26324474,14.76633213,0.257721114,14.76633213
cy_s_sch3_stim1,3,1,small,Y,w11,329,812.5,40.11232728,45.95082263,140.9514223,8.005536973,140.9514223,2.460066404,72.51200262,113.6293777,41.11737511,0.717633575,41.11737511
cy_s_sch3_stim1,3,1,small,Y,w12,408,1016.7,36.43089348,43.95528751,144.0902769,15.35001726,144.0902769,2.514849752,79.91940201,106.5208922,26.60149018,0.46428359,26.60149018
cy_s_sch3_stim1,3,1,small,Y,w13,796,1025,38.92739524,39.63066742,138.5831029,3.938168637,138.5831029,2.418731434,-100.8714529,101.2106331,202.0820861,3.526997761,202.0820861
cy_s_sch3_stim1,3,1,small,Y,w14,821,1070.8,29.56945891,32.1452236,-158.7358753,2.963761941,158.7358753,2.770463666,102.7111326,-174.2454347,-276.9565672,-4.833803983,276.9565672
cy_s_sch3_stim1,3,1,small,Y,w15,283,1108.3,36.69960763,32.65643122,-147.0305961,6.156787849,147.0305961,2.566168003,-53.05182948,-99.07149758,-46.0196681,-0.803194729,46.0196681
cy_s_sch3_stim2,3,2,small,Y,s1,54,0,34.17768278,25.31548933,-164.9315118,0.48764642,164.9315118,2.878597922,-49.10509851,-160.1828475,-111.077749,-1.938672445,111.077749
cy_s_sch3_stim2,3,2,small,Y,s2,63,12.5,28.9808385,19.34913435,-36.20412772,2.948717817,36.20412772,0.631881232,-44.06080905,-65.25646217,-21.19565312,-0.369933934,21.19565312
cy_s_sch3_stim2,3,2,small,Y,s3,50,41.7,18.64479016,11.19661556,37.77568431,7.569949143,37.77568431,0.659310068,87.29512401,80.69005983,-6.605064189,-0.115280117,6.605064189
cy_s_sch3_stim2,3,2,small,Y,s4,58,104.2,27.81729678,23.67602163,-163.9457803,0.947306724,163.9457803,2.861393662,-88.79816694,-150.3762512,-61.57808431,-1.074740318,61.57808431
cy_s_sch3_stim2,3,2,small,Y,s5,154,250,34.79633458,29.30643103,-162.6066779,1.702531314,162.6066779,2.838021914,-52.16044973,-142.7118924,-90.55144269,-1.580420817,90.55144269
cy_s_sch3_stim2,3,2,small,Y,s6,242,329.2,29.8492881,27.55837441,122.3632908,3.011908745,122.3632908,2.135642307,18.25189584,98.48894388,80.23704804,1.40040067,80.23704804
cy_s_sch3_stim2,3,2,small,Y,w1,250,629.2,43.74412532,42.57819278,115.6021876,7.348371705,115.6021876,2.017638795,42.48312434,76.50426672,34.02114238,0.59378095,34.02114238
cy_s_sch3_stim2,3,2,small,Y,w2,296,700,32.16083643,34.17588916,120.9637565,4.367445849,120.9637565,2.111215827,25.34617594,93.08218082,67.73600488,1.182216307,67.73600488
cy_s_sch3_stim2,3,2,small,Y,w3,450,791.7,52.99392135,50.61894606,-120.5475717,4.583758314,120.5475717,2.103952032,-8.275892827,-106.4486081,-98.1727153,-1.713437118,98.1727153
cy_s_sch3_stim2,3,2,small,Y,w4,550,804.2,35.84130159,38.35993874,140.4118692,8.917129172,140.4118692,2.450649426,42.48312434,104.1621681,61.67904371,1.076502392,61.67904371
cy_s_sch3_stim2,3,2,small,Y,w5,271,1245.8,59.21780222,56.39250039,150.7511737,13.16845409,150.7511737,2.631104332,104.1621681,124.7289963,20.56682822,0.358958869,20.56682822
cy_s_sch3_stim2,3,2,small,Y,w6,896,1291.7,49.11889657,48.41555535,148.5431766,24.70355428,148.5431766,2.592567514,88.4656585,124.7289963,36.26333778,0.632914642,36.26333778
cy_s_sch3_stim2,3,2,small,Y,w7,367,1679.2,50.60447609,51.97069366,159.5324424,1.135151818,159.5324424,2.784366384,-158.5104012,164.5007246,323.0111258,5.637607666,323.0111258
cy_s_sch3_stim2,3,2,small,Y,w8,338,1875,49.62349544,53.74656547,164.2488263,824.0162266,164.2488263,2.866682812,115.1531171,114.7435378,-0.409579313,-0.007148508,0.409579313
cy_s_sch3_stim4,3,3,small,Y,s1,42,0,8.086167201,23.79001892,119.8009437,0.41723622,119.8009437,2.090920914,0.397880962,100.2613747,99.86349376,1.742946769,99.86349376
cy_s_sch3_stim4,3,3,small,Y,s2,25,12.5,6.79342329,20.36595443,-61.31874657,0.447391697,61.31874657,1.070214021,25.48071795,-30.39872771,-55.87944566,-0.975280311,55.87944566
cy_s_sch3_stim4,3,3,small,Y,s3,42,33.3,18.51309266,17.98744284,171.7068171,0.519655193,171.7068171,2.996849307,56.88865804,137.0700307,80.18137261,1.399428951,80.18137261
cy_s_sch3_stim4,3,3,small,Y,s4,92,37.5,5.3928193,16.76750429,-175.2884691,1.556752811,175.2884691,3.059360926,-92.64254529,-151.5257964,-58.8832511,-1.027706606,58.8832511
cy_s_sch3_stim4,3,3,small,Y,s5,71,41.7,17.3092923,21.84619189,179.2169629,0.350310293,179.2169629,3.127926079,28.49563862,-173.7060518,-202.2016904,-3.529085251,202.2016904
cy_s_sch3_stim4,3,3,small,Y,s6,67,137.5,15.52820981,23.70038396,149.9386799,0.509848566,149.9386799,2.616923641,14.60127229,145.3590525,130.7577802,2.282153787,130.7577802
cy_s_sch3_stim4,3,3,small,Y,w1,138,162.5,19.81828701,32.10603993,163.6963235,2.43816044,163.6963235,2.857039819,92.15296279,148.547939,56.3949762,0.984278016,56.3949762
cy_s_sch3_stim4,3,3,small,Y,w2,283,187.5,28.97646631,40.07753111,-161.0033458,1.246105521,161.0033458,2.810038492,90.40013862,-136.974934,-227.3750726,-3.968443654,227.3750726
cy_s_sch3_stim4,3,3,small,Y,w3,446,208.3,21.03629483,30.31744382,19.58183945,26.79793849,19.58183945,0.341767572,-10.35332004,6.283531835,16.63685188,0.290367842,16.63685188
cy_s_sch3_stim4,3,3,small,Y,w4,225,220.8,28.41215585,36.09293698,131.5379269,1.867523227,131.5379269,2.295769916,5.057248533,125.5376778,120.4804293,2.102780175,120.4804293
cy_s_sch3_stim4,3,3,small,Y,w5,163,300,25.86802273,31.28597929,174.5424465,2.868802041,174.5424465,3.046340376,-86.48624974,-143.1301024,-56.64385261,-0.988621729,56.64385261
cy_s_sch3_stim4,3,3,small,Y,w6,167,395.8,28.10815718,36.93157186,154.9084703,3.963260188,154.9084703,2.703662846,-106.1328405,-148.1857613,-42.05292077,-0.733961928,42.05292077
cy_s_sch3_stim4,3,3,small,Y,w7,167,408.3,31.43250706,40.48799328,155.4925948,5.73844089,155.4925948,2.713857741,-117.7585406,-146.8024342,-29.04389361,-0.506911571,29.04389361
cy_s_sch3_stim4,3,3,small,Y,w8,171,441.7,23.59453538,30.09348767,173.9017881,1.657321307,173.9017881,3.035158777,-61.21338169,-164.2913622,-103.0779805,-1.799050146,103.0779805
cy_s_sch3_stim4,3,3,small,Y,w9,204,504.2,21.30990615,34.68328127,126.5110561,1.570968234,126.5110561,2.208034469,-0.954841254,129.0074726,129.9623138,2.268270279,129.9623138
cy_s_sch3_stim4,3,3,small,Y,w10,129,537.5,33.57750735,40.42329155,156.4477363,2.908246988,156.4477363,2.730528106,-122.8285418,-167.2424678,-44.41392605,-0.775169243,44.41392605
cy_s_sch3_stim4,3,3,small,Y,w11,92,558.3,29.26723766,35.1636588,147.7575322,2.315857924,147.7575322,2.578855431,-126.8698976,-166.452061,-39.58216337,-0.690839076,39.58216337
cy_s_sch3_stim4,3,3,small,Y,w12,254,750,34.95595514,40.83165071,-169.7386253,4.254451035,169.7386253,2.962497879,-70.55996517,-130.3013195,-59.74135431,-1.042683332,59.74135431
cy_s_sch3_stim4,3,3,small,Y,w13,154,762.5,29.83089673,33.83805107,163.9797077,4.409538988,163.9797077,2.861985806,-95.3392368,-130.3013195,-34.96208268,-0.610203456,34.96208268
cy_s_sch3_stim4,3,3,small,Y,w14,313,1295.8,37.23040827,42.41969825,-124.9920202,1.024858106,124.9920202,2.181522291,157.7965215,-147.1237382,-304.9202597,-5.321862488,304.9202597
cy_s_sch3_stim5,3,4,small,Y,s1,67,0,11.87055601,20.85084651,174.4209267,0.317701164,174.4209267,3.044219455,34.07719528,-175.7636052,-209.8408005,-3.662412873,209.8408005
cy_s_sch3_stim5,3,4,small,Y,s2,88,62.5,16.05118064,26.65922917,163.929395,0.84563774,163.929395,2.861107683,44.36340642,147.8356095,103.4722031,1.805930628,103.4722031
cy_s_sch3_stim5,3,4,small,Y,s3,38,91.7,13.6818164,29.11484158,28.86715947,1.004284615,28.86715947,0.503826978,132.7803444,95.44033203,-37.34001242,-0.651706159,37.34001242
cy_s_sch3_stim5,3,4,small,Y,s4,71,116.7,12.36948261,25.25103562,-164.0016994,1.562023972,164.0016994,2.862369634,118.6518285,163.9989771,45.34714869,0.791457051,45.34714869
cy_s_sch3_stim5,3,4,small,Y,s5,96,195.8,21.08273464,36.33864334,-135.9601746,3.579030918,135.9601746,2.372952698,136.921956,163.6982917,26.7763357,0.46733522,26.7763357
cy_s_sch3_stim5,3,4,small,Y,s6,100,329.2,16.68716872,31.39801427,-146.5290357,2.002337621,146.5290357,2.557414123,114.0573495,163.9989771,49.9416277,0.871645837,49.9416277
cy_s_sch3_stim5,3,4,small,Y,w1,58,158.3,23.52523114,36.52715428,-120.5102374,2.763339956,120.5102374,2.103300425,149.8709574,170.9806776,21.10972021,0.368434122,21.10972021
cy_s_sch3_stim5,3,4,small,Y,w2,121,212.5,32.2832774,37.68906075,135,2.619465515,135,2.35619449,51.11550357,97.24450685,46.12900329,0.805102988,46.12900329
cy_s_sch3_stim5,3,4,small,Y,w3,167,262.5,31.2928682,43.11513075,-178.9291755,2.359667142,178.9291755,3.122903241,66.68229161,137.3137225,70.63143088,1.232751024,70.63143088
cy_s_sch3_stim5,3,4,small,Y,w4,158,300,23.94516444,33.59630932,144.6268972,1.439009749,144.6268972,2.524215544,22.75097634,132.7803444,110.0293681,1.920374747,110.0293681
cy_s_sch3_stim5,3,4,small,Y,w5,154,304.2,23.3950016,34.81851519,137.3037603,1.55183332,137.3037603,2.396402693,19.51079944,118.8556612,99.34486178,1.733894933,99.34486178
cy_s_sch3_stim5,3,4,small,Y,w6,300,350,24.40879555,31.99370563,113.1314208,3.604303892,113.1314208,1.974515781,6.766174823,90,83.23382518,1.452704298,83.23382518
cy_s_sch3_stim5,3,4,small,Y,w7,75,479.2,28.81462302,43.54821236,178.2100894,3.089896617,178.2100894,3.11035282,109.7671687,134.0398254,24.27265676,0.423637779,24.27265676
cy_s_sch3_stim5,3,4,small,Y,w8,79,491.7,38.15212314,43.48550563,137.29061,4.668353612,137.29061,2.396173177,83.3951645,100.35332,16.95815554,0.295975649,16.95815554
cy_s_sch3_stim5,3,4,small,Y,w9,196,633.3,34.54057903,42.78993456,119.4274564,6.199588746,119.4274564,2.084402332,35.27242145,66.86053824,31.58811679,0.551316642,31.58811679
cy_s_sch3_stim5,3,4,small,Y,w10,192,666.7,31.51312266,38.75725738,156.8605382,4.247094748,156.8605382,2.737732859,41.31937783,86.44826665,45.12888882,0.787647698,45.12888882
cy_s_sch3_stim5,3,4,small,Y,w11,292,1329.2,24.83152231,32.80980341,135.2053603,4.57894936,135.2053603,2.359778704,22.75097634,86.44826665,63.6972903,1.11172744,63.6972903
cy_s_sch3_stim6,3,5,small,Y,s1,29,0,15.07052753,19.5450275,-102.5059989,0.141380289,102.5059989,1.789067184,62.10272897,-144.1966559,-206.2993849,-3.600603511,206.2993849
cy_s_sch3_stim6,3,5,small,Y,s2,63,33.3,14.69108914,21.82124653,84.80557109,0.69717477,84.80557109,1.48013644,-20.77225468,68.87528085,89.64753554,1.564644661,89.64753554
cy_s_sch3_stim6,3,5,small,Y,s3,42,41.7,19.60808252,22.60288477,-134.4410345,0.382988024,134.4410345,2.346438702,-1.762391024,-110.5560452,-108.7936542,-1.898807471,108.7936542
cy_s_sch3_stim6,3,5,small,Y,s4,42,54.2,9.997364653,24.1032197,114.6965918,0.369201379,114.6965918,2.001833167,-16.84719944,96.00900596,112.8562054,1.969712365,112.8562054
cy_s_sch3_stim6,3,5,small,Y,s5,104,116.7,16.89847626,34.00366157,95.69395673,0.701792972,95.69395673,1.670174619,-60.2053828,88.22395575,148.4293385,2.590580664,148.4293385
cy_s_sch3_stim6,3,5,small,Y,s6,108,637.5,20.62120268,26.60736928,139.1665049,1.672477217,139.1665049,2.428913719,46.53160779,111.3057836,64.77417583,1.130522638,64.77417583
cy_s_sch3_stim6,3,5,small,Y,s7,33,650,22.32052419,22.6889775,119.197486,0.766861585,119.197486,2.080388592,27.1213034,70.58851314,43.46720974,0.758645927,43.46720974
cy_s_sch3_stim6,3,5,small,Y,w1,150,275,19.79245311,32.82510777,176.5526131,2.104503782,176.5526131,3.081424402,80.62293931,151.8986487,71.27570939,1.243995806,71.27570939
cy_s_sch3_stim6,3,5,small,Y,w2,179,275,21.76191628,30.59463515,113.2845427,1.793572711,113.2845427,1.977188262,12.21571913,112.1094483,99.89372921,1.743474477,99.89372921
cy_s_sch3_stim6,3,5,small,Y,w3,146,375,17.98676458,27.88336422,118.1561914,1.191682963,118.1561914,2.062214572,-8.32565033,114.0502985,122.3759489,2.135863233,122.3759489
cy_s_sch3_stim6,3,5,small,Y,w4,158,383.3,18.61029016,26.54424608,-89.44103452,2.038452757,89.44103452,1.561040539,4.194182788,-73.47910781,-77.6732906,-1.355654662,77.6732906
cy_s_sch3_stim6,3,5,small,Y,w5,283,433.3,27.12637831,35.67554485,-119.9315118,6.685993604,119.9315118,2.093199759,-65.63754698,-108.0146939,-42.37714693,-0.739620742,42.37714693
cy_s_sch3_stim6,3,5,small,Y,w6,154,487.5,24.86348729,41.4481809,100.2092341,3.846068429,100.2092341,1.748981076,16.5660759,56.65029944,40.08422354,0.699601679,40.08422354
cy_s_sch3_stim6,3,5,small,Y,w7,167,675,29.48138396,40.27453414,109.4905305,0.585051109,109.4905305,1.910970257,-136.3322199,148.5431766,284.8753965,4.972013627,284.8753965
cy_s_sch3_stim6,3,5,small,Y,w8,450,741.7,18.37355981,33.1821458,122.583884,4.65210352,122.583884,2.139492386,22.22962109,118.9600567,96.7304356,1.688264588,96.7304356
cy_s_sch3_stim6,3,5,small,Y,w9,204,1241.7,24.68624313,33.33396616,53.68975029,3.390133237,53.68975029,0.937062917,-31.26373169,28.96005669,60.22378839,1.051103395,60.22378839
cy_s_sch3_stim6,3,5,small,Y,w10,246,1383.3,22.5840851,38.21573498,123.1469958,1.889713862,123.1469958,2.149320541,-16.03994331,114.0502985,130.0902418,2.270503045,130.0902418
cy_l_sch3_stim1,3,1,large,Y,s1,67,0,36.28041483,11.94889535,-15.04639183,3.383372199,15.04639183,0.262609078,-22.16634582,-2.462138676,19.70420715,0.343903291,19.70420715
cy_l_sch3_stim1,3,1,large,Y,s2,67,37.5,35.19240969,12.88880522,98.11631939,0.615296979,98.11631939,1.712452823,-27.00130503,81.34745821,108.3487632,1.891042659,108.3487632
cy_l_sch3_stim1,3,1,large,Y,s3,104,45.8,46.787571,22.55469796,179.9189593,0.565887921,179.9189593,3.140178227,-28.49563862,155.5808593,184.0764979,3.212740965,184.0764979
cy_l_sch3_stim1,3,1,large,Y,s4,67,45.8,44.83917149,25.65289262,105.4545562,0.243454489,105.4545562,1.840529217,-144.755476,129.0807836,273.8362596,4.779344342,273.8362596
cy_l_sch3_stim1,3,1,large,Y,s5,108,62.5,45.74275134,23.0555438,164.8249512,1.215187822,164.8249512,2.876738088,-79.42647658,-168.5759327,-89.14945608,-1.555951535,89.14945608
cy_l_sch3_stim1,3,1,large,Y,s6,108,70.8,58.18627759,34.77968516,121.6269906,0.748934509,121.6269906,2.122791445,-24.41914067,120.2308015,144.6499421,2.524617753,144.6499421
cy_l_sch3_stim1,3,1,large,Y,s7,58,87.5,38.72410748,23.44872065,128.9959733,0.222720831,128.9959733,2.251404455,-107.3116461,154.6006904,261.9123365,4.571232624,261.9123365
cy_l_sch3_stim1,3,1,large,Y,s8,117,120.8,58.24735616,39.1501788,126.9324932,0.520946087,126.9324932,2.215389933,-93.77228361,130.1792339,223.9515175,3.908691346,223.9515175
cy_l_sch3_stim1,3,1,large,Y,s9,83,129.2,63.63395949,41.27529043,120.8429887,0.366016514,120.8429887,2.109108031,-117.2902755,110.3861546,227.6764301,3.973703334,227.6764301
cy_l_sch3_stim1,3,1,large,Y,s10,83,141.7,54.12888785,32.10830578,126.9821164,0.385579563,126.9821164,2.216256023,-93.17983012,122.9450409,216.124871,3.772090594,216.124871
cy_l_sch3_stim1,3,1,large,Y,s11,58,150,28.93269777,20.91556836,65.88248336,0.648381504,65.88248336,1.149866254,-56.74563343,33.22197517,89.96760859,1.57023099,89.96760859
cy_l_sch3_stim1,3,1,large,Y,s12,133,162.5,69.1766449,47.86832982,136.3617668,0.614814826,136.3617668,2.379961805,-90.37204529,126.4954208,216.867466,3.785051323,216.867466
cy_l_sch3_stim1,3,1,large,Y,w1,196,150,30.31041075,31.93557577,85.86648278,1.486760975,85.86648278,1.498652842,-51.84277341,79.87532834,131.7181018,2.29891456,131.7181018
cy_l_sch3_stim1,3,1,large,Y,w2,150,204.2,68.13082269,50.73082889,74.7448813,1.037238783,74.7448813,1.304544278,-71.04888695,73.56583679,144.6147237,2.524003076,144.6147237
cy_l_sch3_stim1,3,1,large,Y,w3,158,212.5,65.31470279,50.86229252,53.17863752,1.238331054,53.17863752,0.928142316,-66.91486633,60.9453959,127.8602622,2.231582558,127.8602622
cy_l_sch3_stim1,3,1,large,Y,w4,154,283.3,34.39431494,30.57440269,88.76581147,1.170131627,88.76581147,1.549255673,-46.49063184,85.26092768,131.7515595,2.299498508,131.7515595
cy_l_sch3_stim1,3,1,large,Y,w5,121,391.7,47.48354241,46.17381509,74.7448813,2.916829681,74.7448813,1.304544278,164.7448813,123.3186252,-41.42625608,-0.723024565,41.42625608
cy_l_sch3_stim1,3,1,large,Y,w6,146,395.8,53.1373174,44.6016558,143.9102809,1.879757287,143.9102809,2.511708228,30.38820185,107.9691397,77.58093789,1.354042803,77.58093789
cy_l_sch3_stim1,3,1,large,Y,w7,213,404.2,47.53098358,43.1874241,99.92624551,2.587864,99.92624551,1.744041993,-27.18780686,54.92624551,82.11405237,1.433160576,82.11405237
cy_l_sch3_stim1,3,1,large,Y,w8,171,566.7,48.23976161,46.92146843,93.86160741,1.483106164,93.86160741,1.638194091,-12.11686193,103.0693179,115.1861798,2.010378091,115.1861798
cy_l_sch3_stim2,3,2,large,Y,s1,63,0,50.78663702,28.85698702,131.3568718,0.633406919,131.3568718,2.292609908,15.0378159,113.7105619,98.67274602,1.7221643,98.67274602
cy_l_sch3_stim2,3,2,large,Y,s2,42,29.2,39.08586701,23.34811341,124.4581826,0.531661401,124.4581826,2.172205067,27.1213034,105.4919855,78.37068212,1.36782644,78.37068212
cy_l_sch3_stim2,3,2,large,Y,s3,42,83.3,27.21063211,13.55770261,135,0.514751889,135,2.35619449,34.59228869,115.5374344,80.9451457,1.412759306,80.9451457
cy_l_sch3_stim2,3,2,large,Y,s4,100,125,50.920978,33.14068497,122.0689216,1.268703833,122.0689216,2.130504596,16.69924423,95.51984634,78.82060211,1.375679025,78.82060211
cy_l_sch3_stim2,3,2,large,Y,s5,58,150,20.89982057,14.1248469,84.05996275,1.550161775,84.05996275,1.467123119,9.843723391,47.47420447,37.63048108,0.656775794,37.63048108
cy_l_sch3_stim2,3,2,large,Y,s6,154,245.8,22.56904296,33.87973583,92.23117461,3.836943892,92.23117461,1.60973767,50.37670543,90.55625223,40.1795468,0.701265384,40.1795468
cy_l_sch3_stim2,3,2,large,Y,s7,175,245.8,18.35650566,35.78763054,67.70492394,8.556328204,67.70492394,1.181673843,53.17528829,73.62798667,20.45269838,0.356966928,20.45269838
cy_l_sch3_stim2,3,2,large,Y,s8,38,383.3,17.76852554,28.77115396,89.47275311,1.163883884,89.47275311,1.561594133,53.91110647,86.13081542,32.21970895,0.562340005,32.21970895
cy_l_sch3_stim2,3,2,large,Y,s9,79,395.8,18.47288283,12.17554927,61.55707138,2.268713259,61.55707138,1.074373573,18.43494882,53.32991246,34.89496363,0.609032008,34.89496363
cy_l_sch3_stim2,3,2,large,Y,w1,96,220.8,49.42876592,45.46298384,-57.22512268,23.89481094,57.22512268,0.998766806,50.19442891,54.20506258,4.010633671,0.069998763,4.010633671
cy_l_sch3_stim2,3,2,large,Y,w2,154,262.5,59.09437367,45.06550344,86.67852424,2.05147389,86.67852424,1.512825639,-0.335059219,74.81416274,75.14922196,1.311601353,75.14922196
cy_l_sch3_stim2,3,2,large,Y,w3,104,287.5,35.60328777,47.27073619,81.29504289,4.175312501,81.29504289,1.418866164,50.59933934,75.54757175,24.94823241,0.435428798,24.94823241
cy_l_sch3_stim2,3,2,large,Y,w4,83,300,54.88977318,45.52180357,79.36622551,1.873901028,79.36622551,1.38520195,-6.572994986,37.89751443,44.47050942,0.776156809,44.47050942
cy_l_sch3_stim2,3,2,large,Y,w5,88,308.3,27.59043494,32.46124613,103.6339728,1.756337229,103.6339728,1.808754042,23.72039557,73.53998519,49.81958962,0.869515871,49.81958962
cy_l_sch3_stim2,3,2,large,Y,w6,88,358.3,44.66958249,35.52865041,112.397598,1.991503808,112.397598,1.961708156,25.15537243,69.09201953,43.9366471,0.766839154,43.9366471
cy_l_sch3_stim2,3,2,large,Y,w7,71,366.7,48.96241926,51.25211118,83.05586949,2.530364564,83.05586949,1.449598386,25.53743439,53.53076561,27.99333122,0.488575798,27.99333122
cy_l_sch3_stim2,3,2,large,Y,w8,125,429.2,58.08049759,45.83116843,92.46660095,2.025162956,92.46660095,1.613846635,5.376705428,67.10013347,61.72342804,1.077277045,61.72342804
cy_l_sch3_stim2,3,2,large,Y,w9,96,450,47.68830569,38.74892128,57.61932229,5.17025041,57.61932229,1.005646887,25.53743439,44.07296473,18.53553034,0.323506033,18.53553034
cy_l_sch3_stim3,3,3,large,Y,s1,38,0,37.64060706,23.41304337,98.85343249,0.591867193,98.85343249,1.725317874,5.40379136,68.76259966,63.3588083,1.105819815,63.3588083
cy_l_sch3_stim3,3,3,large,Y,s2,46,54.2,49.70892274,32.18602336,111.0140963,0.375128659,111.0140963,1.937561497,-21.14609418,101.034209,122.1803032,2.132448572,122.1803032
cy_l_sch3_stim3,3,3,large,Y,s3,42,70.8,20.15114885,17.49794559,63.50180501,0.529539421,63.50180501,1.108315578,-46.74628162,31.93844892,78.68473054,1.373307619,78.68473054
cy_l_sch3_stim3,3,3,large,Y,s4,38,95.8,26.85636051,11.40380638,103.5838327,0.388132726,103.5838327,1.807878933,-23.13946176,73.47697246,96.61643422,1.686274889,96.61643422
cy_l_sch3_stim3,3,3,large,Y,s5,54,116.7,21.43354847,27.18307746,128.0238035,0.642016532,128.0238035,2.234436892,11.034209,95.40379136,84.36958236,1.472527001,84.36958236
cy_l_sch3_stim3,3,3,large,Y,s6,58,179.2,9.119215975,25.57408845,108.501805,0.847216995,108.501805,1.893713742,21.85153701,90.70442081,68.8528838,1.201709522,68.8528838
cy_l_sch3_stim3,3,3,large,Y,s7,54,212.5,43.6449642,30.28083552,118.161305,0.633793197,118.161305,2.062303821,5.40379136,90.86805145,85.46426009,1.491632731,85.46426009
cy_l_sch3_stim3,3,3,large,Y,s8,179,300,22.14160112,45.24250435,69.91311569,1.681252604,69.91311569,1.220214059,-56.06000699,50.50736203,106.567369,1.859951465,106.567369
cy_l_sch3_stim3,3,3,large,Y,w1,71,179.2,45.45664528,43.69103455,115.1202117,0.922376735,115.1202117,2.00922673,0.255783031,77.05014553,76.7943625,1.340314473,76.7943625
cy_l_sch3_stim3,3,3,large,Y,w2,104,183.3,39.6611964,32.58284825,100.5567448,2.85188427,100.5567448,1.755046281,23.90205041,60.42760924,36.52555883,0.637491263,36.52555883
cy_l_sch3_stim3,3,3,large,Y,w3,113,287.5,51.69102533,54.04044781,118.0214098,1.779596498,118.0214098,2.059862189,15.6324973,78.84907483,63.21657753,1.10333742,63.21657753
cy_l_sch3_stim3,3,3,large,Y,w4,96,325,37.97118513,49.69692546,82.91310459,2.426509912,82.91310459,1.447106668,-7.62254489,31.87176456,39.49430945,0.689305736,39.49430945
cy_l_sch3_stim3,3,3,large,Y,w5,96,345.8,24.69051842,40.57586721,71.65556576,1.955676794,71.65556576,1.25062555,-11.41583952,37.58680429,49.00264382,0.855257477,49.00264382
cy_l_sch3_stim3,3,3,large,Y,w11,96,345.8,52.10839568,64.01499356,106.5929935,2.170021916,106.5929935,1.860398696,29.38901147,73.55139187,44.16238041,0.770778944,44.16238041
cy_l_sch3_stim3,3,3,large,Y,w6,117,350,31.25069279,51.22132466,103.7449115,4.75097852,103.7449115,1.810690288,20.70058522,45.25693002,24.5563448,0.428589069,24.5563448
cy_l_sch3_stim3,3,3,large,Y,w7,121,370.8,42.34492295,33.96328017,65.33260877,0.932344871,65.33260877,1.140269132,-67.79652147,61.80502094,129.6015424,2.261973631,129.6015424
cy_l_sch3_stim3,3,3,large,Y,w8,175,425,27.29193654,44.94525225,63.69073185,1.380566285,63.69073185,1.111612974,-69.21175431,57.5478239,126.7595782,2.212371998,126.7595782
cy_l_sch3_stim3,3,3,large,Y,w9,104,450,53.88462211,60.19877241,95.66370626,3.972827383,95.66370626,1.669646649,37.34934904,63.56913073,26.21978169,0.45762152,26.21978169
cy_l_sch3_stim3,3,3,large,Y,w10,75,645.8,49.0353393,58.682563,102.4142926,2.179467719,102.4142926,1.787466608,27.26947199,61.68154396,34.41207197,0.600603958,34.41207197